ID,Mission,Type,Subtype,Weight (g),Pristine (%)
10001,Apollo11,Soil,Unsieved,125.8,88.36
10002,Apollo11,Soil,Unsieved,5629,93.73
10003,Apollo11,Basalt,Ilmenite,213,65.56
10004,Apollo11,Core,Unsieved,44.8,71.76
10005,Apollo11,Core,Unsieved,53.4,40.31
10008,Apollo11,Soil,Unsieved,89,5.75
10009,Apollo11,Breccia,Regolith,112,97.27
10010,Apollo11,Soil,Unsieved,491,91.03
10011,Apollo11,Soil,Unsieved,82.6,62.01
10014,Apollo11,Soil,Unsieved,50,0
10015,Apollo11,Soil,Unsieved,0.4,35.44
10017,Apollo11,Basalt,Ilmenite,973,43.71
10018,Apollo11,Breccia,Regolith,213,97.71
10019,Apollo11,Breccia,Regolith,297,81.55
10020,Apollo11,Basalt,Ilmenite,425,27.88
10021,Apollo11,Breccia,Regolith,250,30.21
10022,Apollo11,Basalt,Ilmenite,95.59,42.19
10023,Apollo11,Breccia,Regolith,66,29.15
10024,Apollo11,Basalt,Ilmenite,68.12,40.06
10025,Apollo11,Breccia,Regolith,8.59,0
10026,Apollo11,Breccia,Regolith,9.25,0
10027,Apollo11,Breccia,Regolith,8.87,0
10028,Apollo11,Breccia,Regolith,3.53,85.89
10029,Apollo11,Basalt,Ilmenite,5.53,0
10030,Apollo11,Breccia,Regolith,1.81,96.69
10031,Apollo11,Basalt,Ilmenite,2.7,90.74
10032,Apollo11,Basalt,Ilmenite,3.13,0
10033,Apollo11,Soil,Unsieved,1.12,0
10044,Apollo11,Basalt,Cristobalite,247.5,50.43
10045,Apollo11,Basalt,Olivine,185,12.13
10046,Apollo11,Breccia,Regolith,663,65.6
10047,Apollo11,Basalt,Ilmenite,138,33.49
10048,Apollo11,Breccia,Regolith,579,63.97
10049,Apollo11,Basalt,Ilmenite,193,70.13
10050,Apollo11,Basalt,Ilmenite,114.5,49.05
10054,Apollo11,Soil,Unsieved,0,0
10056,Apollo11,Breccia,Regolith,185.04,95.85
10057,Apollo11,Basalt,Ilmenite,919,35.15
10058,Apollo11,Basalt,Ilmenite,282,87.95
10059,Apollo11,Breccia,Regolith,188,36.94
10060,Apollo11,Breccia,Regolith,722,82.76
10061,Apollo11,Breccia,Regolith,346,68.67
10062,Apollo11,Basalt,Ilmenite,78.5,35.07
10063,Apollo11,Breccia,Regolith,148,92.6
10064,Apollo11,Breccia,Regolith,65,75.6
10065,Apollo11,Breccia,Regolith,347,66.47
10066,Apollo11,Breccia,Regolith,40,93.05
10067,Apollo11,Breccia,Regolith,69.3,68.92
10068,Apollo11,Breccia,Regolith,218,67.23
10069,Apollo11,Basalt,Ilmenite,119.5,61.09
10070,Apollo11,Breccia,Regolith,60.16,112.5
10071,Apollo11,Basalt,Ilmenite,189.5,68.02
10072,Apollo11,Basalt,Ilmenite,447,15.22
10073,Apollo11,Breccia,Regolith,124.5,64.25
10074,Apollo11,Breccia,Regolith,55.5,99.12
10075,Apollo11,Breccia,Regolith,53,67.66
10082,Apollo11,Breccia,Regolith,50.5,93.11
10084,Apollo11,Soil,Unsieved,3830,60.08
10085,Apollo11,Soil,Unsieved,569,52.97
10086,Apollo11,Soil,Unsieved,823,0.01
10087,Apollo11,Soil,Unsieved,17.4,4.6
10089,Apollo11,Soil,Unsieved,50,0
10090,Apollo11,Soil,Unsieved,12,0
10091,Apollo11,Breccia,Regolith,0,0
10092,Apollo11,Basalt,Ilmenite,46,83.92
10093,Apollo11,Breccia,Regolith,25.85,93.11
10094,Apollo11,Breccia,Regolith,30.25,92.64
12001,Apollo12,Soil,Unsieved,2216,69.44
12002,Apollo12,Basalt,Olivine,1530,49.04
12003,Apollo12,Soil,Unsieved,300,28.52
12004,Apollo12,Basalt,Olivine,585,85.53
12005,Apollo12,Basalt,Ilmenite,482,88.31
12006,Apollo12,Basalt,Olivine,206.4,0.53
12007,Apollo12,Basalt,Pigeonite,65.2,72.72
12008,Apollo12,Basalt,Ilmenite,58.4,57.71
12009,Apollo12,Basalt,Olivine,468.2,88.43
12010,Apollo12,Breccia,Regolith,360,87.53
12011,Apollo12,Basalt,Pigeonite,193,93.49
12012,Apollo12,Basalt,Olivine,176.2,91.92
12013,Apollo12,Breccia,Fragmental,82.3,75.62
12014,Apollo12,Basalt,Olivine,159.4,91.18
12015,Apollo12,Basalt,Olivine,191.2,93.52
12016,Apollo12,Basalt,Ilmenite,2028,100.08
12017,Apollo12,Basalt,Pigeonite,53,62.45
12018,Apollo12,Basalt,Olivine,787,57.05
12019,Apollo12,Basalt,Pigeonite,462.4,97.14
12020,Apollo12,Basalt,Olivine,312,76.65
12021,Apollo12,Basalt,Pigeonite,1877,85.78
12022,Apollo12,Basalt,Ilmenite,1864,79.76
12023,Apollo12,Special,,407.9,66.89
12024,Apollo12,Soil,Unsieved,56.5,65.87
12025,Apollo12,Core,Unsieved,56.1,163.41
12026,Apollo12,Core,Unsieved,101.4,53.28
12027,Apollo12,Core,Unsieved,80,48.5
12028,Apollo12,Core,Unsieved,189.6,27.56
12029,Apollo12,Soil,Unsieved,6.5,0
12030,Apollo12,Soil,Unsieved,75,68.66
12031,Apollo12,Basalt,Pigeonite,185,97.18
12032,Apollo12,Soil,Unsieved,310.5,69.52
12033,Apollo12,Soil,Unsieved,450,68.27
12034,Apollo12,Breccia,Regolith,155,90.62
12035,Apollo12,Basalt,Olivine,71,48.54
12036,Apollo12,Basalt,Olivine,75,73.01
12037,Apollo12,Soil,Unsieved,145,74.75
12038,Apollo12,Basalt,Feldspathic,746,80.5
12039,Apollo12,Basalt,Pigeonite,255,90.37
12040,Apollo12,Basalt,Olivine,319,71.11
12041,Apollo12,Soil,Unsieved,19.3,41.4
12042,Apollo12,Soil,Unsieved,255,61.64
12043,Apollo12,Basalt,Pigeonite,60,94.83
12044,Apollo12,Soil,Unsieved,92,99.17
12045,Apollo12,Basalt,Ilmenite,63,83.91
12046,Apollo12,Basalt,Ilmenite,166,96.59
12047,Apollo12,Basalt,Ilmenite,193,33.7
12048,Apollo12,Soil,Unsieved,136,1.01
12050,Apollo12,Breccia,Unclassified,1,0
12051,Apollo12,Basalt,Ilmenite,1660,87.53
12052,Apollo12,Basalt,Pigeonite,1866,86.93
12053,Apollo12,Basalt,Pigeonite,879,46.43
12054,Apollo12,Basalt,Ilmenite,687,90.98
12055,Apollo12,Basalt,Pigeonite,912,26
12056,Apollo12,Basalt,Ilmenite,121,92.46
12057,Apollo12,Soil,Unsieved,650,58.05
12060,Apollo12,Soil,Unsieved,20.7,107.11
12061,Apollo12,Basalt,Ilmenite,9.5,78.23
12062,Apollo12,Basalt,Ilmenite,738.7,97.52
12063,Apollo12,Basalt,Ilmenite,2426,86.38
12064,Apollo12,Basalt,Ilmenite,1214,91.7
12065,Apollo12,Basalt,Pigeonite,2109,64.84
12070,Apollo12,Soil,Unsieved,1102,80.24
12072,Apollo12,Basalt,Olivine,103.6,92.14
12073,Apollo12,Breccia,Regolith,407.7,83.98
12075,Apollo12,Basalt,Olivine,232.5,79.98
12076,Apollo12,Basalt,Olivine,54.55,82.79
12077,Apollo12,Basalt,Olivine,22.63,87.94
14001,Apollo14,Soil,2-4mm,31.8,49.19
14002,Apollo14,Soil,1-2mm,42.1,92.54
14003,Apollo14,Soil,<1mm,947.9,63.03
14004,Apollo14,Soil,4-10mm,33,75.63
14006,Apollo14,Soil,>10mm,12.13,61.29
14007,Apollo14,Breccia,Fragmental,3.67,100
14008,Apollo14,Breccia,Regolith,4.35,100
14009,Apollo14,Breccia,Regolith,1.09,100
14010,Apollo14,Breccia,Regolith,1,73.2
14011,Apollo14,Breccia,Regolith,0.68,100
14041,Apollo14,Breccia,Regolith,166.3,97.46
14042,Apollo14,Breccia,Regolith,103.2,92.55
14043,Apollo14,Breccia,Unclassified,5.94,0
14045,Apollo14,Breccia,Regolith,65.24,95.82
14047,Apollo14,Breccia,Regolith,242,65.25
14049,Apollo14,Breccia,Regolith,200.1,78.23
14051,Apollo14,Breccia,ImpactMelt,191.3,97.49
14053,Apollo14,Basalt,Feldspathic,251.3,59.18
14055,Apollo14,Breccia,Regolith,111,88.76
14056,Apollo14,Breccia,Regolith,6.38,100
14057,Apollo14,Breccia,Regolith,5.51,100
14058,Apollo14,Breccia,Regolith,4.53,100
14059,Apollo14,Breccia,Regolith,8.68,49.19
14060,Apollo14,Breccia,Unclassified,2.5,100
14061,Apollo14,Breccia,Regolith,3.11,100
14063,Apollo14,Breccia,Fragmental,135.5,61.74
14064,Apollo14,Breccia,Fragmental,107.5,92.45
14066,Apollo14,Breccia,Fragmental,509.8,78.44
14068,Apollo14,Breccia,ImpactMelt,35.47,77.97
14069,Apollo14,Breccia,Fragmental,24.87,97.01
14070,Apollo14,Breccia,Fragmental,36.56,83.12
14071,Apollo14,Basalt,Unclassified,2.16,79.17
14072,Apollo14,Basalt,Olivine,45.06,55.37
14073,Apollo14,Basalt,KREEP,10.35,33.62
14074,Apollo14,Basalt,Feldspathic,5.16,87.54
14075,Apollo14,Breccia,Feldspathic,4.66,77.58
14076,Apollo14,Breccia,Fragmental,2,70.3
14077,Apollo14,Basalt,Feldspathic,2.77,82.85
14078,Apollo14,Basalt,Feldspathic,8.3,86.12
14079,Apollo14,Basalt,Feldspathic,3.17,92.71
14080,Apollo14,Breccia,Fragmental,1.94,100
14081,Apollo14,Breccia,Fragmental,0.84,100
14082,Apollo14,Breccia,Fragmental,62.63,84.63
14083,Apollo14,Breccia,Fragmental,13.37,19.93
14140,Apollo14,Soil,4-10mm,7.43,91.36
14141,Apollo14,Soil,<1mm,28.5,46.94
14142,Apollo14,Soil,1-2mm,5.35,62.24
14143,Apollo14,Soil,2-4mm,6.73,51.04
14144,Apollo14,Soil,Unsieved,4.77,11.3
14145,Apollo14,Soil,4-10mm,0.92,80.44
14146,Apollo14,Soil,1-2mm,2.82,75.18
14147,Apollo14,Soil,2-4mm,1.67,79.04
14148,Apollo14,Soil,<1mm,71.65,70.56
14149,Apollo14,Soil,<1mm,88.15,79.57
14150,Apollo14,Soil,4-10mm,11.08,85.33
14151,Apollo14,Soil,1-2mm,11.7,58.28
14152,Apollo14,Soil,2-4mm,11.39,49.68
14153,Apollo14,Soil,2-4mm,3.91,77.85
14154,Apollo14,Soil,1-2mm,5.49,83.92
14155,Apollo14,Soil,4-10mm,3.69,90.16
14156,Apollo14,Soil,<1mm,138,84.69
14160,Apollo14,Soil,4-10mm,196.5,91.89
14161,Apollo14,Soil,2-4mm,197.1,67.57
14162,Apollo14,Soil,1-2mm,288.7,81.13
14163,Apollo14,Soil,<1mm,4444,94.51
14165,Apollo14,Soil,<1mm,109.1,97.62
14166,Apollo14,Soil,1-2mm,20.5,66.68
14167,Apollo14,Soil,2-4mm,26.5,55.06
14168,Apollo14,Soil,4-10mm,43.9,75.7
14169,Apollo14,Breccia,Fragmental,78.66,96.9
14170,Apollo14,Breccia,Fragmental,26.34,94.84
14171,Apollo14,Breccia,Fragmental,37.79,72.69
14172,Apollo14,Breccia,Fragmental,32.1,94.24
14173,Apollo14,Breccia,Fragmental,19.59,99.29
14174,Apollo14,Breccia,Fragmental,11.62,93.98
14175,Apollo14,Breccia,Fragmental,7.48,92.91
14176,Apollo14,Breccia,Fragmental,4.12,98.3
14177,Apollo14,Breccia,Fragmental,2.32,99.14
14178,Apollo14,Breccia,Fragmental,2.88,90.28
14179,Apollo14,Breccia,Fragmental,3.03,86.77
14180,Apollo14,Breccia,Fragmental,4.75,96.84
14181,Apollo14,Breccia,Fragmental,2.48,88.19
14182,Apollo14,Breccia,Fragmental,2.29,96.94
14183,Apollo14,Breccia,Fragmental,1.4,99.29
14184,Apollo14,Breccia,Fragmental,1.48,98.65
14185,Apollo14,Breccia,Fragmental,1.52,94.74
14186,Apollo14,Breccia,Fragmental,1.26,99.21
14187,Apollo14,Breccia,Fragmental,1.09,99.08
14188,Apollo14,Breccia,Fragmental,1.6,98.75
14190,Apollo14,Soil,<1mm,34.85,95.15
14191,Apollo14,Soil,1-2mm,5.92,79.05
14192,Apollo14,Soil,2-4mm,8.06,88.34
14193,Apollo14,Soil,4-10mm,11.15,81.53
14194,Apollo14,Breccia,Fragmental,4.28,89.67
14195,Apollo14,Breccia,Fragmental,2.77,94.58
14196,Apollo14,Breccia,Fragmental,3.93,100
14197,Apollo14,Breccia,ImpactMelt,1.63,90.8
14198,Apollo14,Breccia,ImpactMelt,1.63,86.2
14199,Apollo14,Breccia,Fragmental,1.88,62.98
14200,Apollo14,Basalt,Feldspathic,1.24,77.82
14201,Apollo14,Breccia,Fragmental,1.56,100
14210,Apollo14,Core,Unsieved,169.7,71.6
14211,Apollo14,Core,Unsieved,39.5,77.75
14220,Apollo14,Core,Unsieved,80.7,62.8
14230,Apollo14,Core,Unsieved,76.7,40.2
14240,Apollo14,Soil,Unsieved,168,53.67
14250,Apollo14,Breccia,Regolith,4.06,87.17
14251,Apollo14,Breccia,Regolith,1.51,73.58
14252,Apollo14,Breccia,Regolith,0.86,59.54
14253,Apollo14,Breccia,Fragmental,1.23,96.59
14254,Apollo14,Breccia,Regolith,1.01,93.07
14255,Apollo14,Breccia,Regolith,22.15,80.88
14256,Apollo14,Soil,4-10mm,13.71,75.09
14257,Apollo14,Soil,2-4mm,30.48,63.27
14258,Apollo14,Soil,1-2mm,64.33,83.63
14259,Apollo14,Soil,<1mm,2352.1,78.59
14260,Apollo14,Soil,<1mm,282.5,97.05
14261,Apollo14,Soil,2-4mm,8.2,0.24
14262,Apollo14,Soil,1-2mm,9.1,77.09
14263,Apollo14,Soil,4-10mm,16.2,87.68
14264,Apollo14,Breccia,Regolith,117.9,98.21
14265,Apollo14,Breccia,Fragmental,65.79,97.22
14266,Apollo14,Breccia,ImpactMelt,6.95,98.14
14267,Apollo14,Breccia,ImpactMelt,54.77,15.75
14268,Apollo14,Breccia,ImpactMelt,23.12,96.8
14269,Apollo14,Breccia,ImpactMelt,17.19,96.28
14270,Apollo14,Breccia,ImpactMelt,25.59,64.6
14271,Apollo14,Breccia,ImpactMelt,97.41,97.88
14272,Apollo14,Breccia,ImpactMelt,46.63,98.78
14273,Apollo14,Breccia,ImpactMelt,22.4,97.81
14274,Apollo14,Breccia,ImpactMelt,15.18,95.98
14275,Apollo14,Breccia,Fragmental,12.46,95.99
14276,Apollo14,Breccia,ImpactMelt,12.75,23.29
14277,Apollo14,Breccia,ImpactMelt,7.59,96.84
14278,Apollo14,Breccia,ImpactMelt,7.6,94.95
14279,Apollo14,Breccia,Fragmental,5.67,97.41
14280,Apollo14,Breccia,ImpactMelt,6.2,97.58
14281,Apollo14,Breccia,ImpactMelt,12.03,89.35
14282,Apollo14,Breccia,Fragmental,1.89,79.42
14283,Apollo14,Breccia,ImpactMelt,1.25,94.8
14284,Apollo14,Breccia,ImpactMelt,1.47,97.96
14285,Apollo14,Breccia,Fragmental,2.23,99.55
14286,Apollo14,Breccia,Fragmental,4.42,39.59
14287,Apollo14,Breccia,Fragmental,1.07,100
14288,Apollo14,Breccia,ImpactMelt,3.44,100.58
14290,Apollo14,Soil,<1mm,23.63,92.65
14291,Apollo14,Soil,1-2mm,2.12,100
14292,Apollo14,Soil,2-4mm,3.53,100
14293,Apollo14,Soil,4-10mm,5.2,89.23
14294,Apollo14,Breccia,Fragmental,3.43,100
14295,Apollo14,Breccia,Fragmental,1.24,100
14296,Apollo14,Breccia,Fragmental,2.26,100
14297,Apollo14,Breccia,Fragmental,1.73,74.57
14298,Apollo14,Soil,<1mm,116.7,54.15
14299,Apollo14,Soil,<1mm,225.2,99.73
14301,Apollo14,Breccia,Regolith,1361,76.54
14303,Apollo14,Breccia,Fragmental,898.4,76.23
14304,Apollo14,Breccia,ImpactMelt,2499,97.12
14305,Apollo14,Breccia,Fragmental,2498,76.67
14306,Apollo14,Breccia,Fragmental,584.5,129.14
14307,Apollo14,Breccia,Regolith,155,58.85
14309,Apollo14,Breccia,Regolith,42.4,95.72
14310,Apollo14,Breccia,ImpactMelt,3439,68.47
14311,Apollo14,Breccia,ImpactMelt,3204,89.27
14312,Apollo14,Breccia,Fragmental,299,89.42
14313,Apollo14,Breccia,Regolith,144,72.34
14314,Apollo14,Breccia,Fragmental,115.7,93.54
14315,Apollo14,Breccia,Regolith,115,84.43
14316,Apollo14,Breccia,Regolith,38.2,96.87
14317,Apollo14,Breccia,Regolith,16.1,95.59
14318,Apollo14,Breccia,Regolith,600.2,72.74
14319,Apollo14,Breccia,Fragmental,211.6,75.21
14320,Apollo14,Breccia,Fragmental,64.9,92.33
14321,Apollo14,Breccia,Fragmental,8998,72.74
14411,Apollo14,Core,Unsieved,5.53,1.81
14414,Apollo14,Core,Unsieved,5.46,1.83
14421,Apollo14,Soil,Unsieved,260.9,59.52
14422,Apollo14,Soil,<1mm,2400,97.24
14425,Apollo14,Breccia,Glass,0.79,0
14426,Apollo14,Breccia,Fragmental,1.59,100
14427,Apollo14,Breccia,Fragmental,4.47,100
14428,Apollo14,Breccia,ImpactMelt,1.47,95.92
14429,Apollo14,Breccia,ImpactMelt,3.03,97.03
14430,Apollo14,Breccia,Fragmental,4.81,90.48
14431,Apollo14,Breccia,ImpactMelt,1.7,50.65
14432,Apollo14,Breccia,Unclassified,1.81,69.61
14433,Apollo14,Breccia,Fragmental,1.23,60.16
14434,Apollo14,Breccia,Fragmental,1.68,67.8
14435,Apollo14,Breccia,Fragmental,0.92,96.74
14436,Apollo14,Breccia,ImpactMelt,3.76,92.55
14437,Apollo14,Breccia,Unclassified,2.65,100
14438,Apollo14,Breccia,Unclassified,3.35,100
14439,Apollo14,Breccia,Regolith,1,100
14440,Apollo14,Breccia,ImpactMelt,1.5,81.87
14441,Apollo14,Breccia,Fragmental,0.23,100
14442,Apollo14,Breccia,Unclassified,3.52,100
14443,Apollo14,Breccia,ImpactMelt,2.54,80.79
14444,Apollo14,Breccia,ImpactMelt,1.56,92.31
14445,Apollo14,Breccia,Fragmental,9.22,95.44
14446,Apollo14,Breccia,Fragmental,0.82,61.59
14447,Apollo14,Breccia,Fragmental,0.91,100
14448,Apollo14,Breccia,Agglomerate,1.06,100
14449,Apollo14,Breccia,Fragmental,1.7,100
14450,Apollo14,Breccia,Fragmental,1.27,100
14451,Apollo14,Breccia,Fragmental,2.1,91.9
14452,Apollo14,Breccia,Fragmental,1.77,100
14453,Apollo14,Breccia,Fragmental,6.03,86.22
15001,Apollo15,Core,Unsieved,232.8,54.58
15002,Apollo15,Core,Unsieved,210.1,64.13
15003,Apollo15,Core,Unsieved,223,68.38
15004,Apollo15,Core,Unsieved,227.9,62.85
15005,Apollo15,Core,Unsieved,239.1,60.92
15006,Apollo15,Core,Unsieved,210.6,67.04
15007,Apollo15,Core,Unsieved,768.2,76.88
15008,Apollo15,Core,Unsieved,510.2,76.63
15009,Apollo15,Core,Unsieved,622,75.78
15010,Apollo15,Core,Unsieved,740.4,78.93
15011,Apollo15,Core,Unsieved,660.7,77.3
15012,Apollo15,Soil,Unsieved,312.2,5.77
15013,Apollo15,Soil,Unsieved,296.2,8.8
15014,Apollo15,Special,,333.2,100
15015,Apollo15,Breccia,Regolith,4770,82.69
15016,Apollo15,Basalt,Olivine,923.7,75.49
15017,Apollo15,Breccia,Glass,9.8,69.02
15018,Apollo15,Breccia,Unclassified,5.7,100
15019,Apollo15,Breccia,Agglomerate,1.2,55.83
15020,Apollo15,Soil,Unsieved,88.7,98.87
15021,Apollo15,Soil,<1mm,503,78.66
15022,Apollo15,Soil,1-2mm,10,75.3
15023,Apollo15,Soil,2-4mm,5,78
15024,Apollo15,Soil,4-10mm,3.6,106.11
15025,Apollo15,Breccia,Regolith,77.3,91.23
15026,Apollo15,Breccia,Regolith,1.1,81.36
15027,Apollo15,Breccia,Regolith,51,97.29
15028,Apollo15,Breccia,Regolith,59.4,95.29
15030,Apollo15,Soil,Unsieved,75.3,99.87
15031,Apollo15,Soil,<1mm,207.8,73.95
15032,Apollo15,Soil,1-2mm,7,81.61
15033,Apollo15,Soil,2-4mm,6.6,100
15034,Apollo15,Soil,4-10mm,7,96
15040,Apollo15,Soil,Unsieved,113.4,99.84
15041,Apollo15,Soil,<1mm,269.6,78.16
15042,Apollo15,Soil,1-2mm,5.1,84.51
15043,Apollo15,Soil,2-4mm,2.8,96.39
15044,Apollo15,Soil,4-10mm,1.5,90
15058,Apollo15,Basalt,Pigeonite,2672,65.73
15059,Apollo15,Breccia,Regolith,1149,82.92
15065,Apollo15,Basalt,Pigeonite,1475,88.68
15070,Apollo15,Soil,Unsieved,51.3,99.71
15071,Apollo15,Soil,<1mm,100.7,48.02
15072,Apollo15,Soil,1-2mm,3,51.67
15073,Apollo15,Soil,2-4mm,1.4,100
15074,Apollo15,Soil,4-10mm,1.3,85.62
15075,Apollo15,Basalt,Pigeonite,809.3,55.95
15076,Apollo15,Basalt,Pigeonite,400.5,85.6
15080,Apollo15,Soil,Unsieved,73.5,85.47
15081,Apollo15,Soil,<1mm,106.9,77.93
15082,Apollo15,Soil,1-2mm,2,66
15083,Apollo15,Soil,2-4mm,1.8,63.89
15084,Apollo15,Soil,4-10mm,1.1,57.27
15085,Apollo15,Basalt,Pigeonite,471.3,85.18
15086,Apollo15,Breccia,Regolith,216.5,51.06
15087,Apollo15,Basalt,Pigeonite,5.7,100
15088,Apollo15,Breccia,Regolith,1.8,100
15090,Apollo15,Soil,Unsieved,39.3,99.41
15091,Apollo15,Soil,<1mm,162.9,88.06
15092,Apollo15,Soil,1-2mm,2.7,90.74
15093,Apollo15,Soil,2-4mm,0.6,100
15095,Apollo15,Breccia,Unstudied,25.5,93.37
15100,Apollo15,Soil,Unsieved,281,90.49
15101,Apollo15,Soil,<1mm,637.6,88.32
15102,Apollo15,Soil,1-2mm,12.2,76.53
15103,Apollo15,Soil,2-4mm,4.1,62.93
15104,Apollo15,Soil,4-10mm,1.5,86.2
15105,Apollo15,Basalt,Olivine,5.6,86.07
15115,Apollo15,Basalt,Pigeonite,4,85.5
15116,Apollo15,Basalt,Pigeonite,7.2,89.65
15117,Apollo15,Basalt,Pigeonite,23.3,78.67
15118,Apollo15,Basalt,Pigeonite,27.6,91.4
15119,Apollo15,Basalt,Olivine,14.1,74.07
15125,Apollo15,Basalt,Pigeonite,6.5,86.12
15135,Apollo15,Breccia,Regolith,1.6,0
15145,Apollo15,Breccia,Regolith,15.1,87.75
15146,Apollo15,Breccia,Regolith,1,80
15147,Apollo15,Breccia,Regolith,3.7,100
15148,Apollo15,Breccia,Regolith,3,100
15200,Apollo15,Soil,Unsieved,7.7,100
15201,Apollo15,Soil,<1mm,18.3,88.77
15202,Apollo15,Soil,1-2mm,0.4,75
15203,Apollo15,Soil,2-4mm,0.2,180
15204,Apollo15,Soil,4-10mm,0.1,80
15205,Apollo15,Breccia,Regolith,337.3,24.7
15206,Apollo15,Breccia,ImpactMelt,92,62.24
15210,Apollo15,Soil,Unsieved,221.2,94.53
15211,Apollo15,Soil,<1mm,163.5,88.28
15212,Apollo15,Soil,1-2mm,3.6,88.61
15213,Apollo15,Soil,2-4mm,2.4,100
15214,Apollo15,Soil,4-10mm,0.2,70
15220,Apollo15,Soil,Unsieved,160.5,100
15221,Apollo15,Soil,<1mm,290,87.99
15222,Apollo15,Soil,1-2mm,2.4,65.42
15223,Apollo15,Soil,2-4mm,5.8,64.86
15224,Apollo15,Soil,4-10mm,7,68.97
15230,Apollo15,Soil,Unsieved,99.1,100.24
15231,Apollo15,Soil,<1mm,233.9,88.5
15232,Apollo15,Soil,1-2mm,5.2,69.17
15233,Apollo15,Soil,2-4mm,3.8,88.95
15234,Apollo15,Soil,4-10mm,1.8,88.39
15240,Apollo15,Soil,Unsieved,67.1,92.52
15241,Apollo15,Soil,<1mm,197.4,97.07
15242,Apollo15,Soil,1-2mm,18.9,100
15243,Apollo15,Soil,2-4mm,31.8,51.03
15244,Apollo15,Soil,4-10mm,32.6,94.33
15245,Apollo15,Breccia,Regolith,115.5,91.76
15250,Apollo15,Soil,Unsieved,207,98.96
15251,Apollo15,Soil,<1mm,380.9,96.11
15252,Apollo15,Soil,1-2mm,8.3,80.72
15253,Apollo15,Soil,2-4mm,4,100
15254,Apollo15,Soil,4-10mm,1.2,100
15255,Apollo15,Breccia,Regolith,240.4,88.38
15256,Apollo15,Basalt,Olivine,201,85.93
15257,Apollo15,Breccia,Regolith,22.5,97.8
15259,Apollo15,Breccia,Regolith,0.7,100
15260,Apollo15,Soil,Unsieved,172.2,96.43
15261,Apollo15,Soil,<1mm,416.6,89.67
15262,Apollo15,Soil,1-2mm,9,87.67
15263,Apollo15,Soil,2-4mm,6.7,70.75
15264,Apollo15,Soil,4-10mm,4.5,87.49
15265,Apollo15,Breccia,Regolith,314.1,79.58
15266,Apollo15,Breccia,Regolith,271.4,93.91
15267,Apollo15,Breccia,Regolith,1.8,106.5
15268,Apollo15,Breccia,Regolith,11,81.26
15269,Apollo15,Breccia,Regolith,6,0
15270,Apollo15,Soil,Unsieved,319,95.05
15271,Apollo15,Soil,<1mm,798.3,81.26
15272,Apollo15,Soil,1-2mm,20.7,67.87
15273,Apollo15,Soil,2-4mm,13.7,12.41
15274,Apollo15,Soil,4-10mm,4.4,87.96
15285,Apollo15,Breccia,Regolith,264.2,90.87
15286,Apollo15,Breccia,Agglomerate,34.6,89.87
15287,Apollo15,Breccia,Regolith,44.9,84.77
15288,Apollo15,Breccia,Regolith,70.5,93.16
15289,Apollo15,Breccia,Regolith,24.1,87.63
15290,Apollo15,Soil,Unsieved,55,90.91
15291,Apollo15,Soil,<1mm,169,94.02
15292,Apollo15,Soil,1-2mm,5.4,79.85
15293,Apollo15,Soil,2-4mm,6.7,100
15294,Apollo15,Soil,4-10mm,10.2,99.9
15295,Apollo15,Breccia,Regolith,947.3,96.76
15297,Apollo15,Breccia,Regolith,34.9,90.69
15298,Apollo15,Breccia,Regolith,1731,97.77
15299,Apollo15,Breccia,Regolith,1692,94.79
15300,Apollo15,Soil,Unsieved,390.7,98.2
15301,Apollo15,Soil,<1mm,810.2,75.93
15302,Apollo15,Soil,1-2mm,23.2,72.78
15303,Apollo15,Soil,2-4mm,12.7,74.85
15304,Apollo15,Soil,4-10mm,7.3,28.67
15356,Apollo15,Breccia,ImpactMelt,2,61.3
15357,Apollo15,Breccia,ImpactMelt,11.8,82.42
15358,Apollo15,Breccia,ImpactMelt,14.6,86.94
15359,Apollo15,Breccia,ImpactMelt,4.2,82.5
15360,Apollo15,Breccia,Regolith,9.3,91.72
15361,Apollo15,Crustal,Cataclastic,0.9,66.56
15362,Apollo15,Crustal,Cataclastic,4.2,56.88
15363,Apollo15,Crustal,Cataclastic,0.5,71
15364,Apollo15,Breccia,Fragmental,1.5,67.53
15365,Apollo15,Breccia,Clod,2.9,77.59
15366,Apollo15,Breccia,Clod,3.3,61.82
15367,Apollo15,Breccia,Clod,1.1,0
15368,Apollo15,Breccia,Clod,0.4,0
15369,Apollo15,Breccia,Clod,2.5,66
15370,Apollo15,Breccia,Clod,2.9,73.17
15371,Apollo15,Breccia,Clod,0.5,0
15372,Apollo15,Breccia,Clod,0.8,0
15373,Apollo15,Breccia,Clod,0.6,0
15374,Apollo15,Breccia,Clod,1,0
15375,Apollo15,Breccia,Clod,0.4,0
15376,Apollo15,Breccia,Clod,1,39
15377,Apollo15,Breccia,Clod,0.5,0
15378,Apollo15,Breccia,Regolith,3.3,80.79
15379,Apollo15,Basalt,Olivine,64.3,83.06
15380,Apollo15,Basalt,Olivine,5.2,83.21
15381,Apollo15,Basalt,Olivine,0.3,100
15382,Apollo15,Basalt,KREEP,3.2,52.06
15383,Apollo15,Breccia,Agglomerate,1.4,82.86
15384,Apollo15,Basalt,Olivine,1.4,13.57
15385,Apollo15,Basalt,Olivine,8.7,56.37
15386,Apollo15,Basalt,KREEP,7.5,38.99
15387,Apollo15,Basalt,Olivine,2,75.8
15388,Apollo15,Basalt,Pigeonite,9,22.6
15389,Apollo15,Breccia,Agglomerate,2.8,73.57
15390,Apollo15,Breccia,Agglomerate,3.5,98
15391,Apollo15,Breccia,Agglomerate,0.3,0
15392,Apollo15,Breccia,Glass,0.4,100
15400,Apollo15,Soil,Unsieved,47.5,99.24
15401,Apollo15,Soil,<1mm,86.4,76.81
15402,Apollo15,Soil,1-2mm,4.8,88.54
15403,Apollo15,Soil,2-4mm,6.1,0
15404,Apollo15,Soil,4-10mm,7.9,77.63
15405,Apollo15,Breccia,ImpactMelt,513.1,35.91
15410,Apollo15,Soil,Unsieved,56.2,100
15411,Apollo15,Soil,<1mm,103.3,89.81
15412,Apollo15,Soil,1-2mm,7.1,84.51
15413,Apollo15,Soil,2-4mm,6.7,91.79
15414,Apollo15,Soil,4-10mm,4,3.13
15415,Apollo15,Crustal,Anorthosite,269.4,67.07
15417,Apollo15,Breccia,Regolith,1.3,73.08
15418,Apollo15,Breccia,ImpactMelt,1141,78.19
15419,Apollo15,Breccia,Regolith,17.7,100
15421,Apollo15,Soil,<1mm,254.7,82.48
15422,Apollo15,Soil,1-2mm,15.9,97.48
15423,Apollo15,Soil,2-4mm,18.3,99.33
15424,Apollo15,Soil,4-10mm,19.5,50.71
15425,Apollo15,Breccia,Clod,136.3,84.65
15426,Apollo15,Breccia,Clod,223.6,67.31
15427,Apollo15,Breccia,Clod,115.9,84.58
15431,Apollo15,Soil,<1mm,475.7,97.06
15432,Apollo15,Soil,1-2mm,39.7,100
15433,Apollo15,Soil,2-4mm,31.2,78.53
15434,Apollo15,Soil,4-10mm,51.6,9.89
15435,Apollo15,Breccia,Regolith,206.8,97.17
15436,Apollo15,Breccia,ImpactMelt,3.5,90.23
15437,Apollo15,Crustal,Anorthosite,1,80
15445,Apollo15,Breccia,ImpactMelt,287.2,84.05
15455,Apollo15,Breccia,ImpactMelt,937.2,83.97
15459,Apollo15,Breccia,Regolith,5854,89.12
15465,Apollo15,Breccia,Regolith,376,85.74
15466,Apollo15,Breccia,Regolith,119.2,93.35
15467,Apollo15,Breccia,Regolith,1.1,82.46
15468,Apollo15,Breccia,Regolith,1.3,67.69
15470,Apollo15,Soil,Unsieved,82.2,97.82
15471,Apollo15,Soil,<1mm,153,68.84
15472,Apollo15,Soil,1-2mm,6.1,72.82
15473,Apollo15,Soil,2-4mm,4.5,70
15474,Apollo15,Soil,4-10mm,4.7,88.81
15475,Apollo15,Basalt,Pigeonite,406.8,49.6
15476,Apollo15,Basalt,Pigeonite,266.3,82.69
15485,Apollo15,Basalt,Pigeonite,104.9,88.88
15486,Apollo15,Basalt,Pigeonite,46.8,73.57
15495,Apollo15,Basalt,Pigeonite,908.9,75.17
15498,Apollo15,Breccia,Regolith,2340,34.11
15499,Apollo15,Basalt,Pigeonite,2024,73.14
15500,Apollo15,Soil,Unsieved,24.8,100
15501,Apollo15,Soil,<1mm,103,74.02
15502,Apollo15,Soil,1-2mm,4.4,62.5
15503,Apollo15,Soil,2-4mm,3.8,100
15504,Apollo15,Soil,4-10mm,4.1,100.73
15505,Apollo15,Breccia,Regolith,1147,88.72
15506,Apollo15,Breccia,Regolith,22.9,100
15507,Apollo15,Breccia,Glass,3.9,100
15508,Apollo15,Breccia,Regolith,1.4,100
15510,Apollo15,Soil,Unsieved,72.3,100
15511,Apollo15,Soil,<1mm,193.1,96.7
15512,Apollo15,Soil,1-2mm,4.9,100
15513,Apollo15,Soil,2-4mm,4.4,100
15514,Apollo15,Soil,4-10mm,1.1,79.91
15515,Apollo15,Breccia,Clod,144.7,79.74
15528,Apollo15,Breccia,Regolith,4.7,89.13
15529,Apollo15,Basalt,Olivine,1531,98.37
15530,Apollo15,Soil,Unsieved,138,100
15531,Apollo15,Soil,<1mm,136,83.75
15532,Apollo15,Soil,1-2mm,6.3,80.21
15533,Apollo15,Soil,2-4mm,5.4,90.93
15534,Apollo15,Soil,4-10mm,6,91.22
15535,Apollo15,Basalt,Olivine,404.4,82.62
15536,Apollo15,Basalt,Olivine,317.2,93.97
15537,Apollo15,Basalt,Olivine,1.9,65.32
15538,Apollo15,Basalt,Olivine,2.6,78.35
15545,Apollo15,Basalt,Olivine,746.6,72.84
15546,Apollo15,Basalt,Olivine,27.8,69.7
15547,Apollo15,Basalt,Olivine,20.1,70.29
15548,Apollo15,Basalt,Olivine,3.3,76.88
15555,Apollo15,Basalt,Olivine,9614,46.61
15556,Apollo15,Basalt,Olivine,1542,85.14
15557,Apollo15,Basalt,Olivine,2518,94.81
15558,Apollo15,Breccia,Regolith,1333,97.61
15565,Apollo15,Breccia,Regolith,822.6,75.17
15595,Apollo15,Basalt,Pigeonite,237.6,86.86
15596,Apollo15,Basalt,Pigeonite,224.8,89.25
15597,Apollo15,Basalt,Pigeonite,145.7,77.64
15598,Apollo15,Basalt,Olivine,135.7,90.01
15600,Apollo15,Soil,Unsieved,417.5,92.26
15601,Apollo15,Soil,<1mm,802,82.06
15602,Apollo15,Soil,1-2mm,32.9,84.73
15603,Apollo15,Soil,2-4mm,25.5,95.68
15604,Apollo15,Soil,4-10mm,21.5,90.07
15605,Apollo15,Basalt,Olivine,6.1,73.16
15606,Apollo15,Basalt,Olivine,10.1,87.03
15607,Apollo15,Basalt,Olivine,14.8,49.67
15608,Apollo15,Basalt,Pigeonite,1.2,30.83
15609,Apollo15,Basalt,Olivine,1.1,69.09
15610,Apollo15,Basalt,Olivine,1.5,82
15612,Apollo15,Basalt,Olivine,5.9,82.37
15613,Apollo15,Basalt,Olivine,1,80
15614,Apollo15,Basalt,Olivine,9.7,92.78
15615,Apollo15,Basalt,Olivine,1.7,88.24
15616,Apollo15,Basalt,Olivine,8,88.88
15617,Apollo15,Basalt,Olivine,3.1,73.55
15618,Apollo15,Basalt,Olivine,0.8,100
15619,Apollo15,Basalt,Olivine,0.6,100
15620,Apollo15,Basalt,Olivine,6.6,9.55
15621,Apollo15,Basalt,Olivine,1.6,81.25
15622,Apollo15,Basalt,Olivine,29.5,73.13
15623,Apollo15,Basalt,Olivine,3,68.33
15624,Apollo15,Basalt,Olivine,0.2,0
15625,Apollo15,Basalt,Olivine,0.5,100
15626,Apollo15,Basalt,Olivine,0.6,100
15627,Apollo15,Basalt,Olivine,0.4,100
15628,Apollo15,Basalt,Olivine,0.4,100
15629,Apollo15,Basalt,Olivine,0.4,100
15630,Apollo15,Basalt,Olivine,23.2,74.94
15632,Apollo15,Basalt,Olivine,2.3,89.13
15633,Apollo15,Basalt,Olivine,7.4,74.76
15634,Apollo15,Basalt,Olivine,5.2,89.42
15635,Apollo15,Basalt,Olivine,0.5,100
15636,Apollo15,Basalt,Olivine,336.7,95.49
15637,Apollo15,Basalt,Olivine,0.9,100
15638,Apollo15,Basalt,Olivine,3.6,1.67
15639,Apollo15,Basalt,Olivine,7,93.71
15640,Apollo15,Basalt,Olivine,0.5,0
15641,Apollo15,Basalt,Olivine,6.9,17.39
15642,Apollo15,Basalt,Olivine,1.9,84.21
15643,Apollo15,Basalt,Olivine,17.9,90.7
15644,Apollo15,Basalt,Olivine,0.4,100
15645,Apollo15,Basalt,Olivine,0.5,100
15647,Apollo15,Basalt,Olivine,58.2,84.56
15648,Apollo15,Basalt,Olivine,9.1,94.62
15649,Apollo15,Basalt,Olivine,6.2,83.39
15650,Apollo15,Basalt,Olivine,3.4,84.12
15651,Apollo15,Basalt,Olivine,1.6,71.69
15652,Apollo15,Basalt,Olivine,0.7,100
15653,Apollo15,Basalt,Olivine,0.4,100
15654,Apollo15,Basalt,Olivine,0.2,100
15655,Apollo15,Basalt,Olivine,0.4,100
15656,Apollo15,Basalt,Olivine,0.2,100
15658,Apollo15,Basalt,Olivine,11.6,90.41
15659,Apollo15,Basalt,Olivine,12.6,86.83
15660,Apollo15,Basalt,Olivine,8.9,100
15661,Apollo15,Basalt,Olivine,5.9,66.95
15662,Apollo15,Basalt,Olivine,4.9,76.53
15663,Apollo15,Basalt,Olivine,10.3,84.85
15664,Apollo15,Basalt,Olivine,7.4,80.68
15665,Apollo15,Basalt,Olivine,10.2,94.12
15666,Apollo15,Basalt,Pigeonite,3.9,77.77
15667,Apollo15,Basalt,Pigeonite,1.1,84.55
15668,Apollo15,Basalt,Olivine,15.1,71.07
15669,Apollo15,Basalt,Olivine,4.4,85
15670,Apollo15,Basalt,Olivine,2,71
15671,Apollo15,Basalt,Olivine,6.1,85.08
15672,Apollo15,Basalt,Olivine,21.4,64.57
15673,Apollo15,Basalt,Olivine,5.9,83.05
15674,Apollo15,Basalt,Olivine,35.7,71.77
15675,Apollo15,Basalt,Olivine,34.5,83.21
15676,Apollo15,Basalt,Olivine,25.3,70.56
15677,Apollo15,Basalt,Olivine,6.4,80.47
15678,Apollo15,Basalt,Olivine,7.5,90.4
15679,Apollo15,Basalt,Olivine,0.7,100
15680,Apollo15,Basalt,Olivine,0.3,100
15681,Apollo15,Basalt,Olivine,0.3,100
15682,Apollo15,Basalt,Pigeonite,50.6,90.01
15683,Apollo15,Basalt,Olivine,22,72.17
15684,Apollo15,Breccia,Agglomerate,1.4,74
15685,Apollo15,Breccia,Regolith,0.8,116.25
15686,Apollo15,Breccia,Regolith,0.9,117.22
15687,Apollo15,Breccia,Agglomerate,1.4,100.43
15688,Apollo15,Breccia,Agglomerate,5.3,89.57
15689,Apollo15,Breccia,Regolith,2.8,73.11
15695,Apollo15,Basalt,Olivine,10.7,100
15696,Apollo15,Basalt,Olivine,12.8,100
15697,Apollo15,Basalt,Olivine,4.1,100
15698,Apollo15,Breccia,Glass,3.9,100
60001,Apollo16,Core,unsieved,30.1,45.49
60002,Apollo16,Core,unsieved,211.8,74.02
60003,Apollo16,Core,unsieved,215.9,74.88
60004,Apollo16,Core,unsieved,202.7,72.86
60005,Apollo16,Core,unsieved,77.3,95.96
60006,Apollo16,Core,unsieved,165.6,77.33
60007,Apollo16,Core,unsieved,105.7,57.23
60009,Apollo16,Core,unsieved,759.8,78.3
60010,Apollo16,Core,unsieved,635.3,78.28
60013,Apollo16,Core,unsieved,757.3,76.25
60014,Apollo16,Core,unsieved,570.3,74.82
60015,Apollo16,Breccia,Anorthosite,5574,58.66
60016,Apollo16,Breccia,Fragmental,4307,49.57
60017,Apollo16,Breccia,ImpactMelt,2102,95.59
60018,Apollo16,Breccia,ImpactMelt,1501,95.44
60019,Apollo16,Breccia,Regolith,1887,96.48
60025,Apollo16,Breccia,Anorthosite,1836,43.61
60035,Apollo16,Breccia,Fragmental,1052,97.69
60050,Apollo16,Soil,Unsieved,0,100
60051,Apollo16,Soil,<1mm,195.3,89.25
60052,Apollo16,Soil,1-2mm,11.43,91.25
60053,Apollo16,Soil,2-4mm,7.41,91.16
60054,Apollo16,Soil,4-10mm,8.4,97.26
60055,Apollo16,Breccia,Anorthosite,35.48,95.9
60056,Apollo16,Breccia,Anorthosite,16.07,95.74
60057,Apollo16,Crustal,Anorthosite,3.1,100
60058,Apollo16,Breccia,Fragmental,2.12,100
60059,Apollo16,Crustal,Anorthosite,1.05,100
60075,Apollo16,Breccia,Fragmental,183.8,96.16
60095,Apollo16,Breccia,Glass,46.6,91.29
60115,Apollo16,Breccia,ImpactMelt,132.5,96.96
60135,Apollo16,Breccia,Anorthosite,137.7,94.71
60215,Apollo16,Breccia,Anorthosite,385.8,95.09
60235,Apollo16,Breccia,ImpactMelt,70.13,94.6
60255,Apollo16,Breccia,Regolith,871,92.91
60275,Apollo16,Breccia,Regolith,255.2,94.44
60315,Apollo16,Breccia,ImpactMelt,787.7,89.27
60335,Apollo16,Breccia,ImpactMelt,317.8,85.48
60500,Apollo16,Soil,Unsieved,234.4,99.26
60501,Apollo16,Soil,<1mm,433.8,87.89
60502,Apollo16,Soil,1-2mm,17.69,89.7
60503,Apollo16,Soil,2-4mm,9.94,73.14
60504,Apollo16,Soil,4-10mm,6.63,93.82
60515,Apollo16,Breccia,Anorthosite,16.74,98.24
60516,Apollo16,Breccia,Anorthosite,7.91,97.22
60517,Apollo16,Breccia,Anorthosite,1.23,100
60518,Apollo16,Breccia,Anorthosite,1.12,78.3
60519,Apollo16,Breccia,Anorthosite,0.5,100
60525,Apollo16,Breccia,ImpactMelt,12.84,91.26
60526,Apollo16,Breccia,ImpactMelt,8.42,84.28
60527,Apollo16,Breccia,ImpactMelt,7.36,98.23
60528,Apollo16,Breccia,ImpactMelt,2.94,100
60529,Apollo16,Breccia,ImpactMelt,1.24,84.68
60535,Apollo16,Breccia,Fragmental,7.23,89.96
60600,Apollo16,Soil,Unsieved,182.6,99.2
60601,Apollo16,Soil,<1mm,330.2,56.74
60602,Apollo16,Soil,1-2mm,14.93,86.28
60603,Apollo16,Soil,2-4mm,8.57,84.85
60604,Apollo16,Soil,4-10mm,3.94,100
60615,Apollo16,Breccia,ImpactMelt,32.97,92.13
60616,Apollo16,Breccia,ImpactMelt,3.4,84.94
60617,Apollo16,Breccia,ImpactMelt,2.77,100
60618,Apollo16,Breccia,ImpactMelt,21.67,92.36
60619,Apollo16,Crustal,Anorthosite,28,90.75
60625,Apollo16,Breccia,ImpactMelt,117,93.26
60626,Apollo16,Breccia,ImpactMelt,15.87,87.37
60627,Apollo16,Breccia,ImpactMelt,12.09,97.34
60628,Apollo16,Breccia,Anorthosite,6.86,100
60629,Apollo16,Breccia,Anorthosite,4.92,92.68
60635,Apollo16,Breccia,ImpactMelt,15.05,67.18
60636,Apollo16,Breccia,ImpactMelt,35.65,87.46
60637,Apollo16,Breccia,Fragmental,7.98,91.23
60638,Apollo16,Breccia,Fragmental,0.72,100
60639,Apollo16,Breccia,Fragmental,175.1,97.17
60645,Apollo16,Breccia,ImpactMelt,33.5,97.67
60646,Apollo16,Breccia,ImpactMelt,3.39,100
60647,Apollo16,Breccia,ImpactMelt,1.76,100
60648,Apollo16,Breccia,ImpactMelt,2.84,100
60649,Apollo16,Breccia,ImpactMelt,1.03,100
60655,Apollo16,Breccia,ImpactMelt,8.63,97.34
60656,Apollo16,Breccia,ImpactMelt,11.23,98.04
60657,Apollo16,Breccia,Fragmental,6.05,98.02
60658,Apollo16,Breccia,ImpactMelt,5.47,94.33
60659,Apollo16,Breccia,Fragmental,22.2,98.78
60665,Apollo16,Breccia,Glass,90.1,99.02
60666,Apollo16,Breccia,ImpactMelt,15.95,88.42
60667,Apollo16,Breccia,ImpactMelt,7.66,90.21
60668,Apollo16,Breccia,ImpactMelt,2.91,100
60669,Apollo16,Breccia,ImpactMelt,2.54,100
60675,Apollo16,Breccia,ImpactMelt,1.3,100
60676,Apollo16,Breccia,ImpactMelt,8.92,97.2
60677,Apollo16,Breccia,ImpactMelt,5.23,98.47
60678,Apollo16,Breccia,ImpactMelt,1.25,100
60679,Apollo16,Breccia,ImpactMelt,2.96,100
61015,Apollo16,Breccia,ImpactMelt,1804,96.51
61016,Apollo16,Breccia,ImpactMelt,11729,95.23
61017,Apollo16,Crustal,Anorthosite,2.62,100
61135,Apollo16,Breccia,Fragmental,245.1,93.31
61140,Apollo16,Soil,Unsieved,74.13,98.49
61141,Apollo16,Soil,<1mm,134.7,71.89
61142,Apollo16,Soil,1-2mm,9.43,94.7
61143,Apollo16,Soil,2-4mm,5.38,90.71
61144,Apollo16,Soil,4-10mm,5.71,98.49
61155,Apollo16,Breccia,ImpactMelt,47.59,98.28
61156,Apollo16,Breccia,ImpactMelt,58.46,66.41
61157,Apollo16,Breccia,Fragmental,11.26,99.38
61158,Apollo16,Breccia,Fragmental,14.79,97.5
61160,Apollo16,Soil,Unsieved,52.79,97.63
61161,Apollo16,Soil,<1mm,90,90.74
61162,Apollo16,Soil,1-2mm,5.12,95.12
61163,Apollo16,Soil,2-4mm,3.6,100
61164,Apollo16,Soil,4-10mm,2.16,99.95
61175,Apollo16,Breccia,Fragmental,542.7,83.4
61180,Apollo16,Soil,Unsieved,93.4,98.79
61181,Apollo16,Soil,<1mm,156.2,92.09
61182,Apollo16,Soil,1-2mm,9.43,100
61183,Apollo16,Soil,2-4mm,6.23,100
61184,Apollo16,Soil,4-10mm,0,96.16
61195,Apollo16,Breccia,Regolith,587.9,96.18
61220,Apollo16,Soil,Unsieved,0,94.64
61221,Apollo16,Soil,<1mm,61,25.05
61222,Apollo16,Soil,1-2mm,0,42.17
61223,Apollo16,Soil,2-4mm,0,87.48
61224,Apollo16,Soil,4-10mm,0,89.6
61225,Apollo16,Breccia,ImpactMelt,3.52,87.36
61226,Apollo16,Crustal,Anorthosite,1.53,100
61240,Apollo16,Soil,Unsieved,160.8,98.39
61241,Apollo16,Soil,<1mm,247.1,76.66
61242,Apollo16,Soil,1-2mm,17.26,74.39
61243,Apollo16,Soil,2-4mm,13.8,80.4
61244,Apollo16,Soil,4-10mm,0,95.47
61245,Apollo16,Breccia,ImpactMelt,8.25,100
61246,Apollo16,Breccia,ImpactMelt,6.05,100
61247,Apollo16,Breccia,ImpactMelt,2.48,95.89
61248,Apollo16,Breccia,Fragmental,1.71,100
61249,Apollo16,Breccia,ImpactMelt,1.17,61.62
61255,Apollo16,Breccia,Unclassified,1.13,100
61280,Apollo16,Soil,Unsieved,68.49,98.06
61281,Apollo16,Soil,<1mm,169.6,94.73
61282,Apollo16,Soil,1-2mm,10.2,91.68
61283,Apollo16,Soil,2-4mm,6.74,100
61284,Apollo16,Soil,4-10mm,0,102.1
61295,Apollo16,Breccia,Regolith,187,92.03
61500,Apollo16,Soil,Unsieved,267.8,88.17
61501,Apollo16,Soil,<1mm,466.9,83.57
61502,Apollo16,Soil,1-2mm,27.43,94.29
61503,Apollo16,Soil,2-4mm,20.08,91.42
61504,Apollo16,Soil,4-10mm,0,95.38
61505,Apollo16,Breccia,ImpactMelt,1.65,100
61515,Apollo16,Breccia,Fragmental,2,100
61516,Apollo16,Breccia,Fragmental,2.38,80.97
61517,Apollo16,Breccia,Fragmental,0.47,100
61518,Apollo16,Breccia,Fragmental,0.16,100
61519,Apollo16,Breccia,Fragmental,0.33,100
61525,Apollo16,Breccia,Fragmental,10.35,96.79
61526,Apollo16,Breccia,Fragmental,4.08,100
61527,Apollo16,Breccia,Fragmental,0.52,100
61528,Apollo16,Breccia,Fragmental,0.24,100
61529,Apollo16,Breccia,Fragmental,0.28,100
61535,Apollo16,Breccia,Fragmental,0.23,86.96
61536,Apollo16,Breccia,Fragmental,85.99,99.47
61537,Apollo16,Breccia,Fragmental,6.62,100
61538,Apollo16,Breccia,Fragmental,4.76,92.54
61539,Apollo16,Breccia,Unclassified,5.78,100
61545,Apollo16,Breccia,Fragmental,3.61,100
61546,Apollo16,Breccia,ImpactMelt,110.7,99.08
61547,Apollo16,Breccia,ImpactMelt,17.93,93.35
61548,Apollo16,Breccia,ImpactMelt,24.18,98.17
61549,Apollo16,Breccia,ImpactMelt,3.76,91.22
61555,Apollo16,Breccia,ImpactMelt,3.46,100
61556,Apollo16,Breccia,ImpactMelt,2.23,98.66
61557,Apollo16,Breccia,ImpactMelt,0.93,100
61558,Apollo16,Breccia,ImpactMelt,3,98
61559,Apollo16,Breccia,ImpactMelt,0.62,82.26
61565,Apollo16,Breccia,Unclassified,0.88,100
61566,Apollo16,Breccia,ImpactMelt,0.66,100
61567,Apollo16,Breccia,ImpactMelt,0.19,100
61568,Apollo16,Breccia,ImpactMelt,19.32,93.5
61569,Apollo16,Breccia,ImpactMelt,12.02,93.59
61575,Apollo16,Breccia,ImpactMelt,5.26,94.75
61576,Apollo16,Basalt,Plagioclase,5.87,98.02
61577,Apollo16,Crustal,Anorthosite,0.21,76.19
62230,Apollo16,Soil,Unsieved,4.64,15.95
62231,Apollo16,Soil,<1mm,86.74,85.33
62232,Apollo16,Soil,1-2mm,6.96,100
62233,Apollo16,Soil,2-4mm,5.32,100
62234,Apollo16,Soil,4-10mm,8.46,98.27
62235,Apollo16,Breccia,ImpactMelt,319.6,81.92
62236,Apollo16,Crustal,Anorthosite,57.27,76.76
62237,Apollo16,Crustal,Anorthosite,62.35,62.81
62238,Apollo16,Crustal,Anorthosite,1.57,100
62240,Apollo16,Soil,Unsieved,0,90.56
62241,Apollo16,Soil,<1mm,243.4,88.81
62242,Apollo16,Soil,1-2mm,21.74,83.95
62243,Apollo16,Soil,2-4mm,19.6,92.12
62244,Apollo16,Soil,4-10mm,16.37,98.05
62245,Apollo16,Breccia,ImpactMelt,6.03,80.46
62246,Apollo16,Crustal,Anorthosite,4.59,95.49
62247,Apollo16,Breccia,Fragmental,2.11,100
62248,Apollo16,Breccia,Fragmental,1.61,100
62249,Apollo16,Breccia,Fragmental,1.41,100
62255,Apollo16,Breccia,Fragmental,1239,93.76
62275,Apollo16,Breccia,Anorthosite,443,98.01
62280,Apollo16,Soil,Unsieved,143,98.78
62281,Apollo16,Soil,<1mm,218.5,70.71
62282,Apollo16,Soil,1-2mm,21.71,93.62
62283,Apollo16,Soil,2-4mm,13.11,92.59
62284,Apollo16,Soil,4-10mm,14.3,96.62
62285,Apollo16,Breccia,Regolith,3.52,100
62286,Apollo16,Breccia,Regolith,2.92,100
62287,Apollo16,Breccia,ImpactMelt,2.47,95.96
62288,Apollo16,Breccia,Fragmental,1.94,100
62289,Apollo16,Breccia,Regolith,1.14,100
62295,Apollo16,Breccia,ImpactMelt,250.8,77.7
62305,Apollo16,Breccia,Fragmental,0.81,100
62315,Apollo16,Breccia,Fragmental,0.77,100
63320,Apollo16,Soil,Unsieved,320,96.44
63321,Apollo16,Soil,<1mm,25.67,2.21
63322,Apollo16,Soil,1-2mm,2.65,81.13
63323,Apollo16,Soil,2-4mm,2.02,100
63324,Apollo16,Soil,4-10mm,1.15,100
63335,Apollo16,Breccia,ImpactMelt,65.4,80.3
63340,Apollo16,Soil,Unsieved,149.7,94.25
63341,Apollo16,Soil,<1mm,25.88,53.13
63342,Apollo16,Soil,1-2mm,2.52,100
63343,Apollo16,Soil,2-4mm,2.13,100
63344,Apollo16,Soil,4-10mm,0.96,72.92
63355,Apollo16,Breccia,ImpactMelt,68.24,77.84
63500,Apollo16,Soil,Unsieved,201.8,93.5
63501,Apollo16,Soil,<1mm,342.5,67.95
63502,Apollo16,Soil,1-2mm,25.29,84.24
63503,Apollo16,Soil,2-4mm,14.53,75.49
63504,Apollo16,Soil,4-10mm,17.34,90.17
63505,Apollo16,Breccia,ImpactMelt,5.41,87.65
63506,Apollo16,Breccia,ImpactMelt,4.9,95.2
63507,Apollo16,Breccia,Fragmental,2.78,82.12
63508,Apollo16,Breccia,ImpactMelt,2.61,90.57
63509,Apollo16,Breccia,ImpactMelt,2.05,90.1
63515,Apollo16,Breccia,ImpactMelt,1.32,88.86
63525,Apollo16,Breccia,ImpactMelt,6.68,54.67
63526,Apollo16,Breccia,ImpactMelt,2.91,92.2
63527,Apollo16,Breccia,ImpactMelt,6.1,92.67
63528,Apollo16,Breccia,ImpactMelt,4.12,92.74
63529,Apollo16,Breccia,ImpactMelt,23.48,98.14
63535,Apollo16,Breccia,ImpactMelt,6.85,86.56
63536,Apollo16,Breccia,ImpactMelt,1.02,80.59
63537,Apollo16,Breccia,ImpactMelt,4.78,93.49
63538,Apollo16,Breccia,ImpactMelt,35.06,98.3
63539,Apollo16,Breccia,ImpactMelt,0.39,89.74
63545,Apollo16,Breccia,ImpactMelt,15.95,88.73
63546,Apollo16,Breccia,ImpactMelt,9.23,96.89
63547,Apollo16,Breccia,ImpactMelt,4.9,94.9
63548,Apollo16,Breccia,ImpactMelt,1.13,77.61
63549,Apollo16,Breccia,ImpactMelt,26.57,65.21
63555,Apollo16,Breccia,ImpactMelt,3.38,86.45
63556,Apollo16,Breccia,ImpactMelt,18.1,86.37
63557,Apollo16,Breccia,ImpactMelt,7.53,95.7
63558,Apollo16,Breccia,ImpactMelt,7.09,96.28
63559,Apollo16,Breccia,ImpactMelt,6.04,93.38
63565,Apollo16,Breccia,ImpactMelt,0.94,89.89
63566,Apollo16,Breccia,ImpactMelt,19.61,95.11
63567,Apollo16,Breccia,ImpactMelt,3.21,90.94
63568,Apollo16,Breccia,ImpactMelt,4.06,93.1
63569,Apollo16,Breccia,Unclassified,0.43,93.02
63575,Apollo16,Breccia,ImpactMelt,4.72,94.7
63576,Apollo16,Breccia,ImpactMelt,1.23,93.5
63577,Apollo16,Breccia,ImpactMelt,12.41,97.99
63578,Apollo16,Breccia,ImpactMelt,19.6,90.95
63579,Apollo16,Breccia,ImpactMelt,11.35,95.18
63585,Apollo16,Breccia,ImpactMelt,32.62,92.92
63586,Apollo16,Breccia,ImpactMelt,1.98,88.43
63587,Apollo16,Breccia,ImpactMelt,20.51,98.03
63588,Apollo16,Breccia,Fragmental,2.4,45.21
63589,Apollo16,Breccia,Fragmental,13.51,97.48
63595,Apollo16,Breccia,Fragmental,2.1,88.57
63596,Apollo16,Breccia,ImpactMelt,6.4,95.59
63597,Apollo16,Breccia,ImpactMelt,5.67,96.54
63598,Apollo16,Breccia,ImpactMelt,12.66,95.17
64001,Apollo16,Core,unsieved,752.3,78.53
64002,Apollo16,Core,unsieved,584.1,76.61
64420,Apollo16,Soil,Unsieved,112.2,98.49
64421,Apollo16,Soil,<1mm,206.9,75.83
64422,Apollo16,Soil,1-2mm,6.17,71.15
64423,Apollo16,Soil,2-4mm,3.76,72.63
64424,Apollo16,Soil,4-10mm,2.06,100
64425,Apollo16,Breccia,Fragmental,14.62,77.31
64435,Apollo16,Breccia,ImpactMelt,1079,90.85
64455,Apollo16,Breccia,ImpactMelt,56.68,24.52
64475,Apollo16,Breccia,ImpactMelt,1032,94.35
64476,Apollo16,Breccia,ImpactMelt,125.1,94.88
64477,Apollo16,Breccia,Fragmental,19.32,94.51
64478,Apollo16,Breccia,ImpactMelt,12.34,97.49
64500,Apollo16,Soil,Unsieved,320.6,95.82
64501,Apollo16,Soil,<1mm,495.7,83.59
64502,Apollo16,Soil,1-2mm,28.38,85.54
64503,Apollo16,Soil,2-4mm,24.11,88.83
64504,Apollo16,Soil,4-10mm,24.15,97.9
64505,Apollo16,Breccia,Fragmental,5.39,96.81
64506,Apollo16,Breccia,ImpactMelt,5.08,94.05
64507,Apollo16,Breccia,Unclassified,4.47,95.46
64508,Apollo16,Breccia,Unclassified,4.17,95.2
64509,Apollo16,Breccia,Fragmental,3.15,93.02
64515,Apollo16,Breccia,ImpactMelt,3.76,81.84
64516,Apollo16,Crustal,Anorthosite,2.93,94.23
64517,Apollo16,Breccia,Unclassified,1.55,94.83
64518,Apollo16,Breccia,ImpactMelt,1.49,92.62
64519,Apollo16,Crustal,Anorthosite,1.12,95.55
64525,Apollo16,Crustal,Anorthosite,1.11,86.72
64535,Apollo16,Breccia,ImpactMelt,256.6,98.37
64536,Apollo16,Breccia,ImpactMelt,177.5,96.74
64537,Apollo16,Breccia,ImpactMelt,124.3,96.83
64538,Apollo16,Breccia,ImpactMelt,30.03,99.16
64539,Apollo16,Breccia,Fragmental,17.76,98.03
64545,Apollo16,Breccia,Fragmental,14.09,97.01
64546,Apollo16,Breccia,Fragmental,12.8,98.59
64547,Apollo16,Breccia,ImpactMelt,10.9,96.51
64548,Apollo16,Breccia,Fragmental,8.49,96.58
64549,Apollo16,Breccia,Fragmental,6.47,96.6
64555,Apollo16,Breccia,Fragmental,5.29,99.62
64556,Apollo16,Breccia,Unclassified,5.15,96.27
64557,Apollo16,Breccia,ImpactMelt,4.79,98.33
64558,Apollo16,Breccia,Unclassified,3.13,94.38
64559,Apollo16,Breccia,ImpactMelt,21.82,98.79
64565,Apollo16,Breccia,ImpactMelt,14.73,98.1
64566,Apollo16,Breccia,ImpactMelt,14.13,96.08
64567,Apollo16,Breccia,ImpactMelt,13.86,80.38
64568,Apollo16,Breccia,ImpactMelt,9.38,98.15
64569,Apollo16,Breccia,ImpactMelt,14.32,94.94
64575,Apollo16,Breccia,ImpactMelt,6.84,97.7
64576,Apollo16,Breccia,ImpactMelt,6.92,93.96
64577,Apollo16,Breccia,ImpactMelt,5.69,98.42
64578,Apollo16,Breccia,ImpactMelt,5.6,96.41
64579,Apollo16,Breccia,ImpactMelt,4.8,95.75
64585,Apollo16,Breccia,ImpactMelt,4.7,93.34
64586,Apollo16,Breccia,ImpactMelt,3.34,95.33
64587,Apollo16,Breccia,Fragmental,7.18,98.89
64588,Apollo16,Breccia,Fragmental,2.55,95.29
64589,Apollo16,Breccia,Anorthosite,4.04,94.06
64800,Apollo16,Soil,Unsieved,166.3,99.7
64801,Apollo16,Soil,<1mm,286.8,88.73
64802,Apollo16,Soil,1-2mm,10.96,88.59
64803,Apollo16,Soil,2-4mm,8.09,86.11
64804,Apollo16,Soil,4-10mm,7.89,98.1
64810,Apollo16,Soil,Unsieved,102.14,97.81
64811,Apollo16,Soil,<1mm,174.7,94.09
64812,Apollo16,Soil,1-2mm,9.53,94.75
64813,Apollo16,Soil,2-4mm,9.1,90.93
64814,Apollo16,Soil,4-10mm,5.34,97.57
64815,Apollo16,Breccia,ImpactMelt,20.9,83.76
64816,Apollo16,Breccia,ImpactMelt,3.83,90.39
64817,Apollo16,Breccia,ImpactMelt,8.98,82.77
64818,Apollo16,Breccia,fragmental,15.98,95.37
64819,Apollo16,Breccia,fragmental,11.76,97.96
64825,Apollo16,Breccia,Regolith,21.5,98
64826,Apollo16,Breccia,Regolith,11.33,92.76
64827,Apollo16,Breccia,Regolith,8.11,98.03
64828,Apollo16,Breccia,Regolith,0.97,89.28
64829,Apollo16,Breccia,Regolith,2.2,88.64
64835,Apollo16,Breccia,Regolith,2.32,79.74
64836,Apollo16,Breccia,Regolith,1.76,96.59
64837,Apollo16,Breccia,Regolith,2.18,99.08
65015,Apollo16,Breccia,ImpactMelt,1802,91.68
65016,Apollo16,Breccia,ImpactMelt,21.02,93.26
65035,Apollo16,Breccia,fragmental,446.1,95.5
65055,Apollo16,Breccia,ImpactMelt,500.8,95.77
65056,Apollo16,Breccia,ImpactMelt,64.78,95.76
65075,Apollo16,Breccia,ImpactMelt,107.9,93.84
65095,Apollo16,Breccia,Regolith,560.1,94.92
65315,Apollo16,Breccia,fragmental,300.4,80.94
65325,Apollo16,Breccia,fragmental,67.87,94.22
65326,Apollo16,Breccia,fragmental,36.4,99.34
65327,Apollo16,Breccia,fragmental,6.97,94.41
65328,Apollo16,Breccia,fragmental,1.28,92.5
65329,Apollo16,Breccia,fragmental,1.92,94.95
65335,Apollo16,Breccia,fragmental,1.63,94.23
65336,Apollo16,Breccia,fragmental,0.6,91
65337,Apollo16,Breccia,Fragmental,11.57,71.91
65338,Apollo16,Breccia,Fragmental,2.65,96.23
65339,Apollo16,Breccia,Fragmental,1.62,93.64
65345,Apollo16,Breccia,Fragmental,0.86,75.58
65346,Apollo16,Breccia,Fragmental,0.8,92.13
65347,Apollo16,Breccia,Fragmental,0.43,93.49
65348,Apollo16,Breccia,ImpactMelt,11.66,98.8
65349,Apollo16,Breccia,ImpactMelt,7.58,95.07
65355,Apollo16,Breccia,ImpactMelt,4.94,96.13
65356,Apollo16,Breccia,ImpactMelt,2.53,92.13
65357,Apollo16,Breccia,ImpactMelt,18.76,97.81
65358,Apollo16,Breccia,ImpactMelt,7.02,96
65359,Apollo16,Breccia,ImpactMelt,2.53,93.68
65365,Apollo16,Breccia,ImpactMelt,2.16,85.83
65366,Apollo16,Breccia,ImpactMelt,8.48,96.46
65500,Apollo16,Soil,Unsieved,413,91.92
65501,Apollo16,Soil,<1mm,150,88.51
65502,Apollo16,Soil,1-2mm,9.5,64.97
65503,Apollo16,Soil,2-4mm,23.24,92.28
65504,Apollo16,Soil,4-10mm,22.48,98.13
65510,Apollo16,Soil,Unsieved,171.3,90.49
65511,Apollo16,Soil,<1mm,190.2,95.86
65512,Apollo16,Soil,1-2mm,16.05,95.96
65513,Apollo16,Soil,2-4mm,20.21,80.28
65514,Apollo16,Soil,4-10mm,13.98,100
65515,Apollo16,Breccia,Regolith,50.25,100
65516,Apollo16,Breccia,Regolith,10.49,100
65517,Apollo16,Breccia,Regolith,11.85,100
65518,Apollo16,Breccia,Regolith,9.48,100
65519,Apollo16,Breccia,Regolith,10.58,99.99
65525,Apollo16,Breccia,Regolith,7.48,100
65526,Apollo16,Breccia,Regolith,3.55,100
65527,Apollo16,Breccia,Regolith,2.89,100
65528,Apollo16,Breccia,Regolith,3.08,100
65529,Apollo16,Breccia,Regolith,2.56,87.67
65535,Apollo16,Breccia,Regolith,2.66,100
65536,Apollo16,Breccia,Regolith,1.58,100
65537,Apollo16,Breccia,Regolith,2.43,100
65538,Apollo16,Breccia,Regolith,2.34,100
65539,Apollo16,Breccia,Regolith,2.18,100
65545,Apollo16,Breccia,Regolith,1.8,100
65546,Apollo16,Breccia,Regolith,1.35,100
65547,Apollo16,Breccia,Regolith,1.59,100
65548,Apollo16,Breccia,Regolith,3.02,100
65549,Apollo16,Breccia,Regolith,2.09,100
65555,Apollo16,Breccia,Regolith,2.2,100
65556,Apollo16,Breccia,Regolith,1.17,100
65557,Apollo16,Breccia,Regolith,1.11,100
65558,Apollo16,Breccia,Regolith,1.7,100
65559,Apollo16,Breccia,Regolith,1.53,100
65565,Apollo16,Breccia,Regolith,0.85,100
65566,Apollo16,Breccia,Regolith,2,100
65567,Apollo16,Breccia,Regolith,1.29,100
65568,Apollo16,Breccia,Regolith,0.81,100
65569,Apollo16,Breccia,Regolith,0.87,100
65575,Apollo16,Breccia,Regolith,0.91,65.05
65576,Apollo16,Breccia,Regolith,0.91,100
65577,Apollo16,Breccia,Regolith,0.71,100
65578,Apollo16,Breccia,Regolith,0.32,100
65579,Apollo16,Breccia,Regolith,0.61,100
65585,Apollo16,Breccia,ImpactMelt,9.29,97.05
65586,Apollo16,Breccia,Regolith,6.76,93.18
65587,Apollo16,Breccia,Regolith,2.14,97.66
65588,Apollo16,Breccia,Regolith,9.63,100
65700,Apollo16,Soil,Unsieved,92.3,96.85
65701,Apollo16,Soil,<1mm,171.3,81.28
65702,Apollo16,Soil,1-2mm,4.89,89.78
65703,Apollo16,Soil,2-4mm,1.58,70.38
65704,Apollo16,Soil,4-10mm,1.39,93.81
65715,Apollo16,Breccia,Regolith,31.36,94.62
65716,Apollo16,Breccia,Fragmental,14.28,97.2
65717,Apollo16,Breccia,Fragmental,7.42,93.9
65718,Apollo16,Breccia,Fragmental,10.61,96.04
65719,Apollo16,Breccia,Fragmental,7.04,97.02
65725,Apollo16,Breccia,Fragmental,6.67,96.94
65726,Apollo16,Breccia,Fragmental,5.19,96.92
65727,Apollo16,Breccia,Fragmental,4.3,95.84
65728,Apollo16,Breccia,Fragmental,4.22,95.97
65729,Apollo16,Breccia,Fragmental,3.81,98.58
65735,Apollo16,Breccia,Fragmental,4.26,96.95
65736,Apollo16,Breccia,Fragmental,2.74,97.08
65737,Apollo16,Breccia,Fragmental,0.85,97.06
65738,Apollo16,Breccia,Fragmental,1.17,94.02
65739,Apollo16,Breccia,Fragmental,0.95,96.84
65745,Apollo16,Breccia,Regolith,7.76,90.35
65746,Apollo16,Breccia,Regolith,4.19,82.22
65747,Apollo16,Breccia,Regolith,0.82,54.51
65748,Apollo16,Breccia,Regolith,0.97,60.41
65749,Apollo16,Breccia,Regolith,0.95,62.63
65755,Apollo16,Breccia,Regolith,1.42,61.55
65756,Apollo16,Breccia,Regolith,0.77,100
65757,Apollo16,Breccia,ImpactMelt,26.2,97.26
65758,Apollo16,Breccia,fragmental,5.95,95.01
65759,Apollo16,Breccia,unstudied,3.11,98.39
65765,Apollo16,Breccia,fragmental,1.12,90.18
65766,Apollo16,Breccia,unstudied,1.01,95.05
65767,Apollo16,Breccia,unstudied,17.51,97.83
65768,Apollo16,Breccia,Fragmental,3.25,92.62
65769,Apollo16,Breccia,Fragmental,2.74,100
65775,Apollo16,Breccia,Fragmental,3.5,100
65776,Apollo16,Breccia,ImpactMelt,2.33,95.71
65777,Apollo16,Breccia,ImpactMelt,16.53,90.81
65778,Apollo16,Breccia,ImpactMelt,12.22,97.42
65779,Apollo16,Breccia,ImpactMelt,12.71,94.09
65785,Apollo16,Breccia,ImpactMelt,5.16,61.14
65786,Apollo16,Breccia,fragmental,83.02,99.23
65787,Apollo16,Breccia,fragmental,8.28,98.88
65788,Apollo16,Breccia,ImpactMelt,9.32,98.07
65789,Apollo16,Breccia,fragmental,12.24,96.86
65795,Apollo16,Breccia,ImpactMelt,6.84,71.75
65900,Apollo16,Soil,Unsieved,233.2,99.33
65901,Apollo16,Soil,<1mm,393.2,90.6
65902,Apollo16,Soil,1-2mm,14.84,77.87
65903,Apollo16,Soil,2-4mm,11.4,89.62
65904,Apollo16,Soil,4-10mm,9.51,98.81
65905,Apollo16,Breccia,ImpactMelt,12.08,84.67
65906,Apollo16,Breccia,ImpactMelt,6.58,95.22
65907,Apollo16,Breccia,Fragmental,4.66,95.32
65908,Apollo16,Breccia,Unclassified,2.16,96.3
65909,Apollo16,Crustal,Anorthosite,2.02,86.36
65915,Apollo16,Breccia,ImpactMelt,2.06,91.8
65916,Apollo16,Crustal,Anorthosite,0.99,95.98
65925,Apollo16,Breccia,Regolith,3.82,83.53
65926,Apollo16,Breccia,Regolith,3.03,75.05
65927,Apollo16,Breccia,Regolith,0.72,100
66030,Apollo16,Soil,Unsieved,50.49,95.37
66031,Apollo16,Soil,<1mm,75.6,76.72
66032,Apollo16,Soil,1-2mm,2.99,100
66033,Apollo16,Soil,2-4mm,2.16,52.92
66034,Apollo16,Soil,4-10mm,3.36,97.05
66035,Apollo16,Breccia,Regolith,211.4,95.83
66036,Apollo16,Breccia,Regolith,4.38,86.91
66037,Apollo16,Breccia,Regolith,3.72,93.6
66040,Apollo16,Soil,Unsieved,166.5,93.32
66041,Apollo16,Soil,<1mm,357.4,74.63
66042,Apollo16,Soil,1-2mm,19.5,84.36
66043,Apollo16,Soil,2-4mm,15.5,84.1
66044,Apollo16,Soil,4-10mm,11.3,97.24
66055,Apollo16,Breccia,fragmental,1306,88.16
66075,Apollo16,Breccia,Fragmental,347.1,32.97
66080,Apollo16,Soil,Unsieved,106.1,97.79
66081,Apollo16,Soil,<1mm,177.3,89.5
66082,Apollo16,Soil,1-2mm,9.85,78.78
66083,Apollo16,Soil,2-4mm,4.53,66.36
66084,Apollo16,Soil,4-10mm,3.13,97.76
66085,Apollo16,Breccia,Fragmental,3.66,98.33
66086,Apollo16,Breccia,Fragmental,2.03,100
66095,Apollo16,Breccia,ImpactMelt,1185,88.37
67015,Apollo16,Breccia,Fragmental,1194,86.63
67016,Apollo16,Breccia,Fragmental,4262,94.67
67025,Apollo16,Breccia,ImpactMelt,16.06,92.06
67035,Apollo16,Breccia,Fragmental,245.2,95.69
67055,Apollo16,Breccia,Fragmental,221.9,94.07
67075,Apollo16,Breccia,fragmental,219.2,80.52
67095,Apollo16,Breccia,ImpactMelt,339.8,90.33
67115,Apollo16,Breccia,Fragmental,240,91.82
67215,Apollo16,Breccia,Fragmental,276.2,96.65
67235,Apollo16,Breccia,ImpactMelt,937.2,99.29
67415,Apollo16,Breccia,fragmental,174.9,89.65
67435,Apollo16,Breccia,Fragmental,353.5,90.41
67455,Apollo16,Breccia,Fragmental,942.2,91.41
67460,Apollo16,Soil,Unsieved,123.7,94.95
67461,Apollo16,Soil,<1mm,222,89.57
67462,Apollo16,Soil,1-2mm,17.4,97.13
67463,Apollo16,Soil,2-4mm,6.24,95.99
67464,Apollo16,Soil,4-10mm,0.7,92.86
67475,Apollo16,Breccia,ImpactMelt,175.1,91.91
67480,Apollo16,Soil,Unsieved,87.05,85.87
67481,Apollo16,Soil,<1mm,132.7,84.11
67482,Apollo16,Soil,1-2mm,14.65,92.73
67483,Apollo16,Soil,2-4mm,8.37,75.29
67484,Apollo16,Soil,4-10mm,6.02,79.72
67485,Apollo16,Breccia,ImpactMelt,6.55,91.01
67486,Apollo16,Breccia,unstudied,5.8,94.64
67487,Apollo16,Breccia,ImpactMelt,2.65,86
67488,Apollo16,Breccia,ImpactMelt,2.25,77.91
67489,Apollo16,Breccia,ImpactMelt,2.06,85.05
67495,Apollo16,Breccia,ImpactMelt,1.34,90.3
67510,Apollo16,Soil,Unsieved,9.22,0
67511,Apollo16,Soil,<1mm,59.5,91.45
67512,Apollo16,Soil,1-2mm,14.46,100
67513,Apollo16,Soil,2-4mm,19.39,48.4
67514,Apollo16,Soil,4-10mm,31.03,91.95
67515,Apollo16,Breccia,Fragmental,60.8,96.99
67516,Apollo16,Breccia,fragmental,14.38,96.66
67517,Apollo16,Breccia,Fragmental,9.65,91.15
67518,Apollo16,Breccia,Fragmental,3.74,89.6
67519,Apollo16,Breccia,Fragmental,2.04,71.32
67525,Apollo16,Breccia,Anorthosite,2.52,79.41
67526,Apollo16,Breccia,Fragmental,2.44,96.76
67527,Apollo16,Breccia,Fragmental,2.4,92.5
67528,Apollo16,Breccia,Fragmental,1.24,83.06
67529,Apollo16,Breccia,Anorthosite,1.13,67.7
67535,Apollo16,Breccia,Anorthosite,0.99,63.33
67536,Apollo16,Breccia,Anorthosite,1.2,63.5
67537,Apollo16,Breccia,Anorthosite,1.29,68.99
67538,Apollo16,Breccia,Fragmental,1.77,92.32
67539,Apollo16,Breccia,Fragmental,2.12,71.09
67545,Apollo16,Breccia,Fragmental,1.88,92.93
67546,Apollo16,Breccia,Fragmental,1.5,97.93
67547,Apollo16,Breccia,Fragmental,0.83,84.34
67548,Apollo16,Breccia,Fragmental,1.36,92.65
67549,Apollo16,Breccia,Fragmental,43.1,98.38
67555,Apollo16,Breccia,ImpactMelt,3.54,97.18
67556,Apollo16,Breccia,ImpactMelt,82.1,98.56
67557,Apollo16,Breccia,fragmental,3.3,79.76
67558,Apollo16,Breccia,Fragmental,2.56,98.44
67559,Apollo16,Breccia,ImpactMelt,32.9,66.07
67565,Apollo16,Breccia,ImpactMelt,10.43,93.1
67566,Apollo16,Breccia,ImpactMelt,4.31,86.78
67567,Apollo16,Breccia,ImpactMelt,11.51,81
67568,Apollo16,Breccia,ImpactMelt,11.05,94.54
67569,Apollo16,Breccia,ImpactMelt,7.27,93.7
67575,Apollo16,Breccia,ImpactMelt,4.47,99.33
67576,Apollo16,Breccia,unstudied,3.98,89.02
67600,Apollo16,Soil,4-10mm,2.17,0
67601,Apollo16,Soil,<1mm,161.8,83.91
67602,Apollo16,Soil,1-2mm,13.45,90.71
67603,Apollo16,Soil,2-4mm,6.16,81.82
67604,Apollo16,Soil,4-10mm,2.62,78.55
67605,Apollo16,Breccia,Fragmental,44.52,94.3
67615,Apollo16,Breccia,ImpactMelt,8.77,86.55
67616,Apollo16,Breccia,ImpactMelt,21.29,96.99
67617,Apollo16,Breccia,ImpactMelt,14.32,98.5
67618,Apollo16,Breccia,ImpactMelt,11.17,89.02
67619,Apollo16,Breccia,ImpactMelt,6.15,98.54
67625,Apollo16,Breccia,ImpactMelt,6.72,97.92
67626,Apollo16,Breccia,ImpactMelt,19.19,99.32
67627,Apollo16,Breccia,ImpactMelt,79.64,96.71
67628,Apollo16,Breccia,ImpactMelt,0,0
67629,Apollo16,Breccia,ImpactMelt,5.43,69.1
67635,Apollo16,Crustal,Anorthosite,9.12,87.37
67636,Apollo16,Crustal,Anorthosite,3.23,87.62
67637,Apollo16,Crustal,Anorthosite,2.34,88.68
67638,Apollo16,Breccia,Fragmental,7.23,97.68
67639,Apollo16,Breccia,unstudied,7.34,99.55
67645,Apollo16,Breccia,Fragmental,0.84,65.12
67646,Apollo16,Breccia,Fragmental,3.94,92.82
67647,Apollo16,Breccia,Regolith,47.72,94.84
67648,Apollo16,Breccia,ImpactMelt,7.88,98.35
67649,Apollo16,Breccia,Fragmental,1.6,93.75
67655,Apollo16,Breccia,ImpactMelt,4.11,97.57
67656,Apollo16,Breccia,Fragmental,1.93,91.61
67657,Apollo16,Breccia,Fragmental,1.7,91.18
67658,Apollo16,Breccia,Fragmental,1.35,89.11
67659,Apollo16,Breccia,Fragmental,1.62,75.43
67665,Apollo16,Breccia,Fragmental,5.88,89.83
67666,Apollo16,Breccia,ImpactMelt,5.47,96.95
67667,Apollo16,Breccia,ImpactMelt,7.89,50.44
67668,Apollo16,Breccia,ImpactMelt,3.58,96.09
67669,Apollo16,Breccia,Fragmental,12.54,98.56
67675,Apollo16,Breccia,ImpactMelt,1.07,99.35
67676,Apollo16,Breccia,ImpactMelt,2.33,92.27
67685,Apollo16,Breccia,unstudied,28.04,99.47
67686,Apollo16,Breccia,unstudied,11.75,99.74
67687,Apollo16,Breccia,ImpactMelt,7.6,99.61
67688,Apollo16,Breccia,ImpactMelt,2.32,87.07
67695,Apollo16,Breccia,ImpactMelt,14.02,95.4
67696,Apollo16,Breccia,ImpactMelt,7.85,99.11
67697,Apollo16,Breccia,ImpactMelt,5.54,98.92
67700,Apollo16,Soil,Unsieved,144.4,96.5
67701,Apollo16,Soil,<1mm,235,89.69
67702,Apollo16,Soil,1-2mm,21.69,89.91
67703,Apollo16,Soil,2-4mm,13.71,56.09
67704,Apollo16,Soil,4-10mm,7.47,92.7
67705,Apollo16,Breccia,ImpactMelt,5.82,85.24
67706,Apollo16,Breccia,Fragmental,1.52,91.51
67707,Apollo16,Breccia,Fragmental,1.42,62.68
67708,Apollo16,Breccia,Fragmental,1.33,89.92
67710,Apollo16,Soil,Unsieved,133.39,95.83
67711,Apollo16,Soil,<1mm,205.3,92.79
67712,Apollo16,Soil,1-2mm,34.84,92.11
67713,Apollo16,Soil,2-4mm,22.45,75.5
67714,Apollo16,Soil,4-10mm,12.66,91.7
67715,Apollo16,Breccia,ImpactMelt,9.44,92.53
67716,Apollo16,Breccia,ImpactMelt,17.02,97.06
67717,Apollo16,Breccia,ImpactMelt,5.56,97.66
67718,Apollo16,Breccia,ImpactMelt,41.05,98.71
67719,Apollo16,Breccia,ImpactMelt,2.13,96.71
67725,Apollo16,Breccia,ImpactMelt,5.85,99.04
67726,Apollo16,Breccia,ImpactMelt,4.53,98.76
67727,Apollo16,Breccia,ImpactMelt,1.8,99.06
67728,Apollo16,Breccia,ImpactMelt,9.25,94.38
67729,Apollo16,Breccia,ImpactMelt,73.2,98.03
67735,Apollo16,Breccia,ImpactMelt,13.3,96.17
67736,Apollo16,Breccia,ImpactMelt,14.92,99.68
67737,Apollo16,Breccia,ImpactMelt,4.56,99.21
67738,Apollo16,Breccia,ImpactMelt,5.84,98.12
67739,Apollo16,Breccia,ImpactMelt,2.03,92.76
67745,Apollo16,Breccia,ImpactMelt,3.53,97.17
67746,Apollo16,Breccia,ImpactMelt,3.47,72.97
67747,Apollo16,Breccia,ImpactMelt,6.3,75.75
67748,Apollo16,Breccia,ImpactMelt,4.74,97.89
67749,Apollo16,Breccia,Fragmental,11.47,90.48
67755,Apollo16,Breccia,ImpactMelt,3.53,96.88
67756,Apollo16,Breccia,ImpactMelt,4.82,94.81
67757,Apollo16,Breccia,ImpactMelt,4.83,97.52
67758,Apollo16,Breccia,unstudied,4.06,99.01
67759,Apollo16,Breccia,Fragmental,4.56,98.77
67765,Apollo16,Breccia,ImpactMelt,1.73,98.27
67766,Apollo16,Breccia,unstudied,5.47,89.03
67767,Apollo16,Breccia,Fragmental,1.67,91.5
67768,Apollo16,Breccia,Fragmental,0.99,87.27
67769,Apollo16,Breccia,ImpactMelt,3.05,95.41
67775,Apollo16,Breccia,ImpactMelt,6.58,90.32
67776,Apollo16,Breccia,Fragmental,3.1,95.23
67915,Apollo16,Breccia,Fragmental,2559,76.41
67935,Apollo16,Breccia,ImpactMelt,108.9,91.28
67936,Apollo16,Breccia,ImpactMelt,61.82,94.11
67937,Apollo16,Breccia,ImpactMelt,59.67,97.59
67940,Apollo16,Soil,Unsieved,27.22,96.11
67941,Apollo16,Soil,<1mm,105.9,84.31
67942,Apollo16,Soil,1-2mm,12.23,91.82
67943,Apollo16,Soil,2-4mm,9.36,93.18
67944,Apollo16,Soil,4-10mm,8.59,85.48
67945,Apollo16,Breccia,ImpactMelt,4.37,90.62
67946,Apollo16,Breccia,ImpactMelt,3.2,74.06
67947,Apollo16,Breccia,ImpactMelt,2.43,63.5
67948,Apollo16,Breccia,ImpactMelt,1.59,24.72
67955,Apollo16,Crustal,Fragmental,162.6,85.94
67956,Apollo16,Breccia,ImpactMelt,3.7,86.49
67957,Apollo16,Breccia,ImpactMelt,1.73,91.33
67975,Apollo16,Breccia,Fragmental,446.6,93.48
68001,Apollo16,Core,unsieved,840.7,76.01
68002,Apollo16,Core,unsieved,583.5,76.52
68035,Apollo16,Breccia,ImpactMelt,20.96,98.07
68115,Apollo16,Breccia,Fragmental,1191,96.23
68120,Apollo16,Soil,Unsieved,90.49,98.67
68121,Apollo16,Soil,<1mm,141.9,89.84
68122,Apollo16,Soil,1-2mm,10.92,90.84
68123,Apollo16,Soil,2-4mm,7.36,86.41
68124,Apollo16,Soil,4-10mm,8.65,92.83
68415,Apollo16,Breccia,ImpactMelt,371.2,78.56
68416,Apollo16,Breccia,ImpactMelt,178.4,75.03
68500,Apollo16,Soil,Unsieved,304.5,99.84
68501,Apollo16,Soil,<1mm,521.1,64.94
68502,Apollo16,Soil,1-2mm,37.8,89.17
68503,Apollo16,Soil,2-4mm,25.1,81.87
68504,Apollo16,Soil,4-10mm,17.27,98.26
68505,Apollo16,Breccia,ImpactMelt,1.3,79
68515,Apollo16,Breccia,ImpactMelt,236.1,98.88
68516,Apollo16,Breccia,ImpactMelt,34.04,92.24
68517,Apollo16,Breccia,Fragmental,13.13,98.06
68518,Apollo16,Breccia,notstudied,29.82,99.45
68519,Apollo16,Breccia,ImpactMelt,10.56,84.56
68525,Apollo16,Breccia,ImpactMelt,38.96,99.11
68526,Apollo16,Breccia,ImpactMelt,7.21,89.6
68527,Apollo16,Breccia,ImpactMelt,3.03,96.7
68528,Apollo16,Breccia,ImpactMelt,1.08,89.81
68529,Apollo16,Breccia,ImpactMelt,7.03,98.58
68535,Apollo16,Breccia,ImpactMelt,8.04,100
68536,Apollo16,Breccia,ImpactMelt,1.85,88.49
68537,Apollo16,Breccia,ImpactMelt,1.41,100
68815,Apollo16,Breccia,ImpactMelt,1826,87.17
68820,Apollo16,Soil,Unsieved,83.73,98.84
68821,Apollo16,Soil,Unsieved,123.9,92.12
68822,Apollo16,Soil,1-2mm,7.35,86.4
68823,Apollo16,Soil,2-4mm,3.52,100
68824,Apollo16,Soil,4-10mm,1.5,103.6
68825,Apollo16,Breccia,ImpactMelt,8.66,97.15
68840,Apollo16,Soil,Unsieved,154.5,99.29
68841,Apollo16,Soil,<1mm,266.6,93.27
68842,Apollo16,Soil,1-2mm,14.36,86.07
68843,Apollo16,Soil,2-4mm,8.89,87.4
68844,Apollo16,Soil,4-10mm,5.01,98.84
68845,Apollo16,Breccia,ImpactMelt,4.56,84.83
68846,Apollo16,Breccia,ImpactMelt,2.28,90.98
68847,Apollo16,Breccia,ImpactMelt,2.85,100
68848,Apollo16,Breccia,ImpactMelt,1.77,100
69001,Apollo16,Core,Unsieved,558.3,100
69003,Apollo16,Special,unsieved,1,23.7
69004,Apollo16,Special,unsieved,2,0.4
69920,Apollo16,Soil,Unsieved,0.71,0
69921,Apollo16,Soil,<1mm,59.86,91.36
69922,Apollo16,Soil,1-2mm,2.8,100
69923,Apollo16,Soil,2-4mm,1.7,100
69924,Apollo16,Soil,4-10mm,1.3,76.92
69935,Apollo16,Breccia,Fragmental,127.6,85.78
69940,Apollo16,Soil,Unsieved,149.4,99.78
69941,Apollo16,Soil,<1mm,254.7,69.02
69942,Apollo16,Soil,1-2mm,11.85,95.81
69943,Apollo16,Soil,2-4mm,8.07,85.8
69944,Apollo16,Soil,4-10mm,4.47,98.08
69945,Apollo16,Breccia,ImpactMelt,6.88,74.56
69955,Apollo16,Breccia,Anorthosite,75.94,82.37
69960,Apollo16,Soil,Unsieved,171,99.59
69961,Apollo16,Soil,<1mm,307.9,85.49
69962,Apollo16,Soil,1-2mm,13.93,96.27
69963,Apollo16,Soil,2-4mm,9.93,83.82
69964,Apollo16,Soil,4-10mm,4.8,95.83
69965,Apollo16,Breccia,Fragmental,1.12,100
70001,Apollo17,Core,Unsieved,29.78,48.17
70002,Apollo17,Core,Unsieved,207.8,73.85
70003,Apollo17,Core,Unsieved,237.8,76.04
70004,Apollo17,Core,Unsieved,238.8,74.64
70005,Apollo17,Core,Unsieved,240.7,77.23
70006,Apollo17,Core,Unsieved,234.2,73.96
70007,Apollo17,Core,Unsieved,179.4,74.56
70008,Apollo17,Core,Unsieved,255.8,72.85
70009,Apollo17,Core,Unsieved,143.3,71.58
70010,Apollo17,Soil,Unsieved,3.92,0
70011,Apollo17,Soil,Unsieved,440.7,83.62
70012,Apollo17,Core,Unsieved,485,100
70017,Apollo17,Basalt,Ilmenite,2957,79.52
70018,Apollo17,Breccia,Fragmental,51.58,98.67
70019,Apollo17,Breccia,Regolith,159.9,78.57
70030,Apollo17,Soil,Unsieved,33.92,0
70035,Apollo17,Basalt,Ilmenite,5765,78.21
70040,Apollo17,Breccia,Unclassified,2.49,0
70050,Apollo17,Soil,Unsieved,573.4,87.11
70051,Apollo17,Soil,<1mm,1438,80.45
70052,Apollo17,Soil,1-2mm,67.76,90.46
70053,Apollo17,Soil,2-4mm,86.93,99.44
70054,Apollo17,Soil,4-10mm,56.92,89.9
70060,Apollo17,Soil,Unsieved,0.24,0
70061,Apollo17,Soil,<1mm,60.8,100
70062,Apollo17,Soil,1-2mm,2.12,100
70063,Apollo17,Soil,2-4mm,1.24,100
70064,Apollo17,Soil,4-10mm,0.86,100
70070,Apollo17,Soil,Unsieved,0.11,0
70075,Apollo17,Basalt,Ilmenite,5.64,77.77
70130,Apollo17,Soil,Unsieved,12.18,62.97
70135,Apollo17,Basalt,Ilmenite,446.3,84.65
70136,Apollo17,Basalt,Ilmenite,10.65,91.27
70137,Apollo17,Basalt,Ilmenite,6.16,89.61
70138,Apollo17,Basalt,Ilmenite,3.66,66.15
70139,Apollo17,Basalt,Ilmenite,3.16,41.49
70145,Apollo17,Basalt,Ilmenite,3.07,62.25
70146,Apollo17,Basalt,Ilmenite,1.71,40.99
70147,Apollo17,Basalt,Ilmenite,1.35,9.04
70148,Apollo17,Basalt,Ilmenite,0.92,9.13
70149,Apollo17,Basalt,,0.95,0
70155,Apollo17,Basalt,Ilmenite,0.77,15.84
70156,Apollo17,Basalt,Ilmenite,0.63,34.44
70157,Apollo17,Basalt,Ilmenite,0.57,25.96
70160,Apollo17,Soil,Unsieved,106.1,99.22
70161,Apollo17,Soil,<1mm,197.7,94.14
70162,Apollo17,Soil,1-2mm,5.14,100
70163,Apollo17,Soil,2-4mm,3.43,100
70164,Apollo17,Soil,4-10mm,1.66,94.28
70165,Apollo17,Basalt,Ilmenite,2.14,55.44
70170,Apollo17,Soil,Unsieved,42.31,94
70175,Apollo17,Breccia,Regolith,339.6,96.64
70180,Apollo17,Soil,Unsieved,93.25,81.14
70181,Apollo17,Soil,<1mm,157.1,71.78
70182,Apollo17,Soil,1-2mm,4.63,91.36
70183,Apollo17,Soil,2-4mm,3.12,100
70184,Apollo17,Soil,4-10mm,1.68,101.73
70185,Apollo17,Basalt,Ilmenite,466.6,99.25
70215,Apollo17,Basalt,Ilmenite,8110,90.68
70250,Apollo17,Soil,Unsieved,24.99,88.52
70251,Apollo17,Soil,<1mm,31.98,98.12
70252,Apollo17,Soil,1-2mm,0.9,100
70253,Apollo17,Soil,2-4mm,0.87,100
70254,Apollo17,Soil,4-10mm,1.14,100
70255,Apollo17,Basalt,Ilmenite,277.2,97.55
70256,Apollo17,Breccia,Unclassified,2.16,100
70270,Apollo17,Soil,Unsieved,70.46,98.15
70271,Apollo17,Soil,<1mm,116.1,98.14
70272,Apollo17,Soil,1-2mm,2.97,100
70273,Apollo17,Soil,2-4mm,1.46,100
70274,Apollo17,Soil,4-10mm,2.33,95.28
70275,Apollo17,Basalt,Ilmenite,171.4,93.95
70290,Apollo17,Soil,Unsieved,56.36,97.57
70295,Apollo17,Breccia,Regolith,361.2,95.95
70310,Apollo17,Soil,Unsieved,6.82,79.03
70311,Apollo17,Soil,<1mm,106.5,98.48
70312,Apollo17,Soil,1-2mm,4.2,96.48
70313,Apollo17,Soil,2-4mm,3.21,90.69
70314,Apollo17,Soil,4-10mm,5.25,95.62
70315,Apollo17,Basalt,Ilmenite,148.6,92.88
70320,Apollo17,Soil,Unsieved,78.24,100
70321,Apollo17,Soil,<1mm,141.6,98.85
70322,Apollo17,Soil,1-2mm,5.42,97.47
70323,Apollo17,Soil,2-4mm,4.1,89.73
70324,Apollo17,Soil,4-10mm,4,98.63
71010,Apollo17,Soil,Unsieved,32.84,98.05
71030,Apollo17,Soil,Unsieved,36.28,85.39
71035,Apollo17,Basalt,Ilmenite,144.8,97.6
71036,Apollo17,Basalt,Ilmenite,118.4,0
71037,Apollo17,Basalt,Ilmenite,14.39,89.48
71040,Apollo17,Soil,Unsieved,94.89,98.89
71041,Apollo17,Soil,<1mm,137.8,94.92
71042,Apollo17,Soil,1-2mm,7.21,100
71043,Apollo17,Soil,2-4mm,6.19,100
71044,Apollo17,Soil,4-10mm,12.84,99.44
71045,Apollo17,Basalt,Ilmenite,11.92,95.89
71046,Apollo17,Basalt,Ilmenite,3.04,80.01
71047,Apollo17,Basalt,Ilmenite,2.78,45.29
71048,Apollo17,Basalt,Ilmenite,2.46,73.55
71049,Apollo17,Basalt,Ilmenite,1.86,51.72
71050,Apollo17,Soil,Unsieved,4,62.5
71055,Apollo17,Basalt,Ilmenite,669.6,79.56
71060,Apollo17,Soil,Unsieved,199.4,97.36
71061,Apollo17,Soil,<1mm,229.2,86.86
71062,Apollo17,Soil,1-2mm,20.74,100
71063,Apollo17,Soil,2-4mm,22.79,100
71064,Apollo17,Soil,4-10mm,34.35,98.34
71065,Apollo17,Basalt,Ilmenite,28.83,98.34
71066,Apollo17,Basalt,Ilmenite,19.96,94.35
71067,Apollo17,Basalt,Ilmenite,4.25,90.22
71068,Apollo17,Basalt,Ilmenite,4.21,89.12
71069,Apollo17,Basalt,Ilmenite,4.06,79.23
71075,Apollo17,Basalt,Ilmenite,1.56,88.55
71085,Apollo17,Basalt,Ilmenite,3.4,87.6
71086,Apollo17,Basalt,Ilmenite,3.33,88.01
71087,Apollo17,Basalt,Ilmenite,2.2,54.64
71088,Apollo17,Basalt,Ilmenite,2.06,64.78
71089,Apollo17,Basalt,Ilmenite,1.73,25.1
71095,Apollo17,Basalt,Ilmenite,1.48,22.19
71096,Apollo17,Basalt,Ilmenite,1.37,29.68
71097,Apollo17,Basalt,Ilmenite,1.36,53.51
71130,Apollo17,Soil,Unsieved,49.51,95.54
71131,Apollo17,Soil,<1mm,86.4,96.96
71132,Apollo17,Soil,1-2mm,3.99,100
71133,Apollo17,Soil,2-4mm,3.22,100
71134,Apollo17,Soil,4-10mm,0.91,91.65
71135,Apollo17,Basalt,Ilmenite,36.85,87.87
71136,Apollo17,Basalt,Ilmenite,25.39,95.88
71150,Apollo17,Soil,Unsieved,1.57,7.67
71151,Apollo17,Soil,<1mm,57.6,95.46
71152,Apollo17,Soil,1-2mm,2.6,100
71153,Apollo17,Soil,2-4mm,2.36,100
71154,Apollo17,Soil,4-10mm,1.37,99.2
71155,Apollo17,Basalt,Ilmenite,26.15,87.53
71156,Apollo17,Basalt,Ilmenite,5.42,94.28
71157,Apollo17,Basalt,Ilmenite,1.47,36.43
71170,Apollo17,Soil,Unsieved,16.38,71.06
71175,Apollo17,Basalt,Ilmenite,207.8,98.23
71500,Apollo17,Soil,Unsieved,359.5,95.12
71501,Apollo17,Soil,<1mm,600.9,80.85
71502,Apollo17,Soil,1-2mm,22.68,89.33
71503,Apollo17,Soil,2-4mm,17.58,84.24
71504,Apollo17,Soil,4-10mm,13.13,94.88
71505,Apollo17,Basalt,Ilmenite,29.45,90.9
71506,Apollo17,Basalt,Ilmenite,12.11,96.61
71507,Apollo17,Basalt,Ilmenite,3.96,88.59
71508,Apollo17,Basalt,Ilmenite,3.42,84.14
71509,Apollo17,Basalt,Ilmenite,1.69,79.88
71515,Apollo17,Basalt,Ilmenite,1.64,77.37
71520,Apollo17,Soil,Unsieved,48.16,60.56
71525,Apollo17,Basalt,Ilmenite,3.9,90
71526,Apollo17,Basalt,Ilmenite,12.91,97.44
71527,Apollo17,Basalt,Ilmenite,2.19,93.14
71528,Apollo17,Basalt,Ilmenite,11.25,97.07
71529,Apollo17,Basalt,Ilmenite,6.03,92.37
71530,Apollo17,Breccia,Unclassified,0,0
71535,Apollo17,Basalt,Ilmenite,17.71,97.29
71536,Apollo17,Basalt,Ilmenite,5.32,90.04
71537,Apollo17,Basalt,Ilmenite,12.25,96.16
71538,Apollo17,Basalt,Ilmenite,8.04,95.9
71539,Apollo17,Basalt,Ilmenite,10.9,73.27
71545,Apollo17,Basalt,Ilmenite,17.26,87.01
71546,Apollo17,Basalt,Ilmenite,150.7,97.88
71547,Apollo17,Basalt,Ilmenite,12.54,95.85
71548,Apollo17,Basalt,Ilmenite,25.46,98.35
71549,Apollo17,Basalt,Ilmenite,7.9,94.81
71555,Apollo17,Basalt,Ilmenite,4.55,92.3
71556,Apollo17,Basalt,Ilmenite,29.14,98.18
71557,Apollo17,Basalt,Ilmenite,40.35,95.07
71558,Apollo17,Basalt,Ilmenite,15.81,95.52
71559,Apollo17,Basalt,Ilmenite,82.16,98.58
71565,Apollo17,Basalt,Ilmenite,24.09,97.14
71566,Apollo17,Basalt,Ilmenite,414.4,45.06
71567,Apollo17,Basalt,Ilmenite,146,95.81
71568,Apollo17,Basalt,Ilmenite,10.02,94.91
71569,Apollo17,Basalt,Ilmenite,289.6,91.03
71575,Apollo17,Basalt,Ilmenite,2.11,89.45
71576,Apollo17,Basalt,Ilmenite,23.54,91.06
71577,Apollo17,Basalt,Ilmenite,234.7,98.87
71578,Apollo17,Basalt,Ilmenite,353.9,99.82
71579,Apollo17,Basalt,Ilmenite,7.94,94.71
71585,Apollo17,Basalt,Ilmenite,13.86,95.9
71586,Apollo17,Basalt,Ilmenite,26.92,98.55
71587,Apollo17,Basalt,Ilmenite,41.27,98.5
71588,Apollo17,Basalt,Ilmenite,48.98,98.47
71589,Apollo17,Basalt,Ilmenite,6.86,96.79
71595,Apollo17,Basalt,Ilmenite,25.21,97.34
71596,Apollo17,Basalt,Ilmenite,61.05,97.5
71597,Apollo17,Basalt,Ilmenite,12.35,67.87
72010,Apollo17,Soil,Unsieved,76.92,100
72130,Apollo17,Soil,Unsieved,79.91,88.35
72131,Apollo17,Soil,<1mm,107.9,96.06
72132,Apollo17,Soil,1-2mm,8.53,100
72133,Apollo17,Soil,2-4mm,10.95,100
72134,Apollo17,Soil,4-10mm,13.18,96.13
72135,Apollo17,Breccia,Fragmental,336.9,96.27
72140,Apollo17,Soil,Unsieved,115,99.65
72141,Apollo17,Soil,<1mm,225.9,94.6
72142,Apollo17,Soil,1-2mm,5.32,95.3
72143,Apollo17,Soil,2-4mm,1.88,100
72144,Apollo17,Soil,4-10mm,2.73,88.1
72145,Apollo17,Breccia,Regolith,1.25,100
72150,Apollo17,Soil,Unsieved,53.29,93.64
72155,Apollo17,Basalt,Ilmenite,238.5,87.85
72160,Apollo17,Soil,Unsieved,80,96.48
72161,Apollo17,Soil,<1mm,162.5,86.47
72162,Apollo17,Soil,1-2mm,4.02,87.56
72163,Apollo17,Soil,2-4mm,2.54,100
72164,Apollo17,Soil,4-10mm,0.95,99.37
72210,Apollo17,Soil,Unsieved,1.83,81.42
72215,Apollo17,Breccia,ImpactMelt,379.2,86.03
72220,Apollo17,Soil,Unsieved,136.2,99.93
72221,Apollo17,Soil,<1mm,225.8,99.96
72222,Apollo17,Soil,1-2mm,11.13,100
72223,Apollo17,Soil,2-4mm,7.92,100
72224,Apollo17,Soil,4-10mm,7.51,94.78
72230,Apollo17,Soil,Unsieved,1.66,81.33
72235,Apollo17,Breccia,ImpactMelt,61.91,75.94
72240,Apollo17,Soil,Unsieved,113.3,99.65
72241,Apollo17,Soil,<1mm,186,99.83
72242,Apollo17,Soil,1-2mm,11.2,100
72243,Apollo17,Soil,2-4mm,7.93,100
72244,Apollo17,Soil,4-10mm,3.99,92.53
72250,Apollo17,Soil,Unsieved,7.74,63.95
72255,Apollo17,Breccia,ImpactMelt,461.2,85.72
72260,Apollo17,Soil,Unsieved,100.6,99.6
72261,Apollo17,Soil,<1mm,161.9,98.7
72262,Apollo17,Soil,1-2mm,7.7,100
72263,Apollo17,Soil,2-4mm,4.4,100
72264,Apollo17,Soil,4-10mm,4.4,94.64
72270,Apollo17,Soil,Unsieved,26.11,61.28
72275,Apollo17,Breccia,Fragmental,3640,90.86
72310,Apollo17,Soil,Unsieved,1.09,85.32
72315,Apollo17,Breccia,ImpactMelt,131.4,86.58
72320,Apollo17,Soil,Unsieved,26.17,98.2
72321,Apollo17,Soil,<1mm,77.3,90.1
72322,Apollo17,Soil,1-2mm,1.38,92.75
72323,Apollo17,Soil,2-4mm,0.5,100
72324,Apollo17,Soil,4-10mm,0.96,87.92
72330,Apollo17,Soil,Unsieved,0.36,72.22
72335,Apollo17,Breccia,ImpactMelt,108.9,98.37
72350,Apollo17,Soil,Unsieved,1.7,0
72355,Apollo17,Breccia,ImpactMelt,367.4,98.78
72370,Apollo17,Soil,Unsieved,0.02,0
72375,Apollo17,Breccia,ImpactMelt,18.2,98.51
72390,Apollo17,Soil,Unsieved,20.63,59.04
72395,Apollo17,Breccia,ImpactMelt,536.4,85.21
72410,Apollo17,Soil,Unsieved,52,98.06
72415,Apollo17,Crustal,Cataclasite,32.34,58.89
72416,Apollo17,Crustal,Cataclasite,11.53,64.61
72417,Apollo17,Crustal,Cataclasite,11.32,2.76
72418,Apollo17,Crustal,Cataclasite,3.55,88.25
72430,Apollo17,Soil,Unsieved,1.45,0
72431,Apollo17,Soil,<1mm,72,99.86
72432,Apollo17,Soil,1-2mm,3.62,100
72433,Apollo17,Soil,2-4mm,2.33,100
72434,Apollo17,Soil,4-10mm,1.47,97.96
72435,Apollo17,Breccia,ImpactMelt,160.6,74.34
72440,Apollo17,Soil,Unsieved,161.6,99.69
72441,Apollo17,Soil,<1mm,267.3,95.33
72442,Apollo17,Soil,1-2mm,10.6,92.83
72443,Apollo17,Soil,2-4mm,7.98,74.62
72444,Apollo17,Soil,4-10mm,2.91,86.56
72460,Apollo17,Soil,Unsieved,0.51,0
72461,Apollo17,Soil,<1mm,113.7,90.96
72462,Apollo17,Soil,1-2mm,5.14,95.14
72463,Apollo17,Soil,2-4mm,3.9,100
72464,Apollo17,Soil,4-10mm,1.76,75.17
72500,Apollo17,Soil,Unsieved,325.5,96.04
72501,Apollo17,Soil,<1mm,687.2,86.87
72502,Apollo17,Soil,1-2mm,24.13,86.2
72503,Apollo17,Soil,2-4mm,12.94,44.56
72504,Apollo17,Soil,4-10mm,7.96,93.35
72505,Apollo17,Breccia,ImpactMelt,3.1,100
72530,Apollo17,Soil,Unsieved,18.14,78.83
72535,Apollo17,Breccia,ImpactMelt,221.4,95.26
72536,Apollo17,Breccia,ImpactMelt,52.3,98.49
72537,Apollo17,Breccia,ImpactMelt,5.19,100
72538,Apollo17,Breccia,ImpactMelt,11.09,100
72539,Apollo17,Breccia,ImpactMelt,11.22,67.59
72545,Apollo17,Breccia,ImpactMelt,4.06,100
72546,Apollo17,Breccia,ImpactMelt,4.86,100
72547,Apollo17,Breccia,ImpactMelt,5.05,100
72548,Apollo17,Breccia,ImpactMelt,29.3,97.2
72549,Apollo17,Breccia,ImpactMelt,21,78.51
72555,Apollo17,Breccia,ImpactMelt,10.48,100
72556,Apollo17,Breccia,ImpactMelt,3.86,100
72557,Apollo17,Breccia,ImpactMelt,4.56,100
72558,Apollo17,Breccia,ImpactMelt,5.71,90.6
72559,Apollo17,Crustal,Cataclasite,27.8,95.41
72700,Apollo17,Soil,Unsieved,295.2,99.86
72701,Apollo17,Soil,<1mm,557.3,87.47
72702,Apollo17,Soil,1-2mm,17.7,87.74
72703,Apollo17,Soil,2-4mm,8.05,81.12
72704,Apollo17,Soil,4-10mm,4.76,90.02
72705,Apollo17,Breccia,ImpactMelt,2.4,86.19
72730,Apollo17,Soil,Unsieved,1.98,45.45
72735,Apollo17,Breccia,Unclassified,0,96.07
72736,Apollo17,Breccia,ImpactMelt,28.7,87.49
72737,Apollo17,Breccia,ImpactMelt,3.33,100
72738,Apollo17,Breccia,ImpactMelt,23.75,95.24
73001,Apollo17,Core,Unsieved,809,100
73002,Apollo17,Core,Unsieved,429.7,100
73010,Apollo17,Soil,Unsieved,34.56,100
73120,Apollo17,Soil,Unsieved,100.2,99.8
73121,Apollo17,Soil,<1mm,179.7,89.48
73122,Apollo17,Soil,1-2mm,5.25,98.48
73123,Apollo17,Soil,2-4mm,2.03,100
73124,Apollo17,Soil,4-10mm,0.5,92
73130,Apollo17,Soil,Unsieved,77.2,99.22
73131,Apollo17,Soil,<1mm,132.3,97.12
73132,Apollo17,Soil,1-2mm,10.38,100
73133,Apollo17,Soil,2-4mm,8.58,100
73134,Apollo17,Soil,4-10mm,9.61,98.96
73140,Apollo17,Soil,Unsieved,121.6,99.92
73141,Apollo17,Soil,<1mm,191.4,91.9
73142,Apollo17,Soil,1-2mm,11.69,93.58
73143,Apollo17,Soil,2-4mm,7.84,93.62
73144,Apollo17,Soil,4-10mm,4.47,93.51
73145,Apollo17,Breccia,ImpactMelt,5.6,100
73146,Apollo17,Crustal,Cataclasite,3.01,90.03
73150,Apollo17,Soil,Unsieved,52.56,97.98
73151,Apollo17,Soil,<1mm,101.2,98.52
73152,Apollo17,Soil,1-2mm,3.57,100
73153,Apollo17,Soil,2-4mm,1.31,100
73154,Apollo17,Soil,4-10mm,0.31,100
73155,Apollo17,Breccia,ImpactMelt,79.3,93.4
73156,Apollo17,Breccia,ImpactMelt,3.2,100
73210,Apollo17,Soil,Unsieved,37.89,73.9
73211,Apollo17,Soil,<1mm,51.95,97.09
73212,Apollo17,Soil,1-2mm,3.47,100
73213,Apollo17,Soil,2-4mm,2.8,100
73214,Apollo17,Soil,4-10mm,2.47,92.43
73215,Apollo17,Breccia,ImpactMelt,1062,84.4
73216,Apollo17,Breccia,ImpactMelt,162.2,94.09
73217,Apollo17,Breccia,ImpactMelt,138.8,89.25
73218,Apollo17,Breccia,ImpactMelt,39.67,93.47
73219,Apollo17,Basalt,Ilmenite,2.9,88.89
73220,Apollo17,Soil,Unsieved,20.8,99.04
73221,Apollo17,Soil,<1mm,48.11,77.57
73222,Apollo17,Soil,1-2mm,2.71,90.41
73223,Apollo17,Soil,2-4mm,2.61,100
73224,Apollo17,Soil,4-10mm,1.65,87.21
73225,Apollo17,Breccia,ImpactMelt,3.66,95.66
73230,Apollo17,Soil,Unsieved,21.34,86.13
73235,Apollo17,Breccia,ImpactMelt,878.3,88.5
73240,Apollo17,Soil,Unsieved,114.7,99.39
73241,Apollo17,Soil,<1mm,192.7,89.61
73242,Apollo17,Soil,1-2mm,14.94,91.63
73243,Apollo17,Soil,2-4mm,14.38,65.17
73244,Apollo17,Soil,4-10mm,22.25,88.59
73245,Apollo17,Breccia,ImpactMelt,1.6,81.56
73250,Apollo17,Soil,Unsieved,15.25,83.41
73255,Apollo17,Breccia,ImpactMelt,394.1,81.55
73260,Apollo17,Soil,Unsieved,103.5,99
73261,Apollo17,Soil,<1mm,194.8,93.7
73262,Apollo17,Soil,1-2mm,12.01,95.84
73263,Apollo17,Soil,2-4mm,9.47,85.53
73264,Apollo17,Soil,4-10mm,6.45,94.57
73270,Apollo17,Soil,Unsieved,22.43,90.37
73275,Apollo17,Breccia,ImpactMelt,429.6,90.39
73280,Apollo17,Soil,Unsieved,53.54,99.38
73281,Apollo17,Soil,<1mm,95.75,91.79
73282,Apollo17,Soil,1-2mm,5.38,95.17
73283,Apollo17,Soil,2-4mm,4.74,100
73284,Apollo17,Soil,4-10mm,7.14,94.68
73285,Apollo17,Breccia,Regolith,2.6,100
74001,Apollo17,Core,Unsieved,1072,74.72
74002,Apollo17,Core,Unsieved,909.6,74.55
74010,Apollo17,Soil,Unsieved,22.52,37.83
74110,Apollo17,Soil,Unsieved,92.12,97.11
74111,Apollo17,Soil,<1mm,116.8,98.86
74112,Apollo17,Soil,1-2mm,11.12,100
74113,Apollo17,Soil,2-4mm,12.11,100
74114,Apollo17,Soil,4-10mm,13.26,56.85
74115,Apollo17,Breccia,Regolith,15.36,81.81
74116,Apollo17,Breccia,Regolith,12.68,89.11
74117,Apollo17,Breccia,Regolith,3.69,80.05
74118,Apollo17,Breccia,Regolith,3.59,60.45
74119,Apollo17,Breccia,Regolith,1.79,100
74120,Apollo17,Soil,Unsieved,124.1,100.2
74121,Apollo17,Soil,<1mm,252,92.46
74122,Apollo17,Soil,1-2mm,6.65,96.24
74123,Apollo17,Soil,2-4mm,2.73,100
74124,Apollo17,Soil,4-10mm,0.39,100
74220,Apollo17,Soil,Unsieved,1171,85.9
74221,Apollo17,Soil,<1mm,7.77,78.4
74222,Apollo17,Soil,1-2mm,0.08,100
74223,Apollo17,Soil,2-4mm,0.17,100
74224,Apollo17,Soil,4-10mm,0.98,100
74230,Apollo17,Soil,Unsieved,0.7,88.57
74235,Apollo17,Basalt,Ilmenite,59.04,75.7
74240,Apollo17,Soil,Unsieved,544.9,93.76
74241,Apollo17,Soil,<1mm,307.3,81.21
74242,Apollo17,Soil,1-2mm,22.5,90.62
74243,Apollo17,Soil,2-4mm,27.67,92.81
74244,Apollo17,Soil,4-10mm,21.95,96.96
74245,Apollo17,Basalt,Ilmenite,64.34,92.57
74246,Apollo17,Breccia,Regolith,28.81,80.75
74247,Apollo17,Basalt,Ilmenite,7.76,86.78
74248,Apollo17,Basalt,Ilmenite,5.68,91.69
74249,Apollo17,Basalt,Ilmenite,4.18,94.74
74250,Apollo17,Soil,Unsieved,22.56,86.13
74255,Apollo17,Basalt,Ilmenite,737.3,58.22
74260,Apollo17,Soil,Unsieved,367.97,96.69
74261,Apollo17,Soil,<1mm,111.99,85.42
74262,Apollo17,Soil,1-2mm,5.67,95.59
74263,Apollo17,Soil,2-4mm,4.76,100
74264,Apollo17,Soil,4-10mm,7.99,100
74265,Apollo17,Basalt,Unclassified,28.32,100
74270,Apollo17,Soil,Unsieved,9.61,47.14
74275,Apollo17,Basalt,Ilmenite,1493,85.99
74285,Apollo17,Basalt,Ilmenite,2.21,70.93
74286,Apollo17,Basalt,Ilmenite,2.1,56.18
74287,Apollo17,Basalt,Ilmenite,1.57,58.16
75010,Apollo17,Soil,Unsieved,9.25,87.68
75015,Apollo17,Basalt,Ilmenite,1006,59.88
75030,Apollo17,Soil,Unsieved,2.63,90.87
75035,Apollo17,Basalt,Ilmenite,1235,90.29
75050,Apollo17,Soil,Unsieved,2.5,0
75055,Apollo17,Basalt,Ilmenite,949.4,91.14
75060,Apollo17,Soil,Unsieved,0.53,75.9
75061,Apollo17,Soil,<1mm,157.9,89.78
75062,Apollo17,Soil,1-2mm,8.52,93.18
75063,Apollo17,Soil,2-4mm,6.28,95.06
75064,Apollo17,Soil,4-10mm,11.63,98.68
75065,Apollo17,Basalt,Ilmenite,1.26,18.21
75066,Apollo17,Breccia,Regolith,0.98,74.49
75070,Apollo17,Soil,Unsieved,7.26,59.5
75075,Apollo17,Basalt,Ilmenite,1008,88.96
75080,Apollo17,Soil,Unsieved,524.2,92.51
75081,Apollo17,Soil,<1mm,932.4,74.59
75082,Apollo17,Soil,1-2mm,38.92,88.08
75083,Apollo17,Soil,2-4mm,30.88,81.8
75084,Apollo17,Soil,4-10mm,23.31,96.68
75085,Apollo17,Basalt,Ilmenite,4.3,91.67
75086,Apollo17,Basalt,Ilmenite,2.32,62.29
75087,Apollo17,Basalt,Ilmenite,2.32,60.53
75088,Apollo17,Basalt,Ilmenite,1.99,88.96
75089,Apollo17,Basalt,Ilmenite,1.72,84.98
75110,Apollo17,Soil,Unsieved,122.5,98.47
75111,Apollo17,Soil,<1mm,235,97.23
75112,Apollo17,Soil,1-2mm,10.2,97.55
75113,Apollo17,Soil,2-4mm,6.76,100
75114,Apollo17,Soil,4-10mm,6.87,98.4
75115,Apollo17,Basalt,Ilmenite,2.6,90
75120,Apollo17,Soil,Unsieved,126.6,96.84
75121,Apollo17,Soil,<1mm,240.3,96.35
75122,Apollo17,Soil,1-2mm,5.21,86.56
75123,Apollo17,Soil,2-4mm,2.15,100
75124,Apollo17,Soil,4-10mm,0.96,100
76001,Apollo17,Core,Unsieved,711.6,76.86
76010,Apollo17,Soil,Unsieved,20.31,0
76015,Apollo17,Breccia,ImpactMelt,2819,83
76030,Apollo17,Soil,Unsieved,16.06,80.95
76031,Apollo17,Soil,<1mm,152.6,99.6
76032,Apollo17,Soil,1-2mm,5.71,100
76033,Apollo17,Soil,2-4mm,4.58,100
76034,Apollo17,Soil,4-10mm,2.01,77.61
76035,Apollo17,Breccia,ImpactMelt,376.2,98.56
76036,Apollo17,Breccia,ImpactMelt,3.95,100
76037,Apollo17,Basalt,Ilmenite,2.52,88.29
76055,Apollo17,Breccia,ImpactMelt,6412,95.43
76120,Apollo17,Soil,Unsieved,107,99.63
76121,Apollo17,Soil,<1mm,188.1,99.11
76122,Apollo17,Soil,1-2mm,4.72,100
76123,Apollo17,Soil,2-4mm,2.49,100
76124,Apollo17,Soil,4-10mm,1.61,79.5
76130,Apollo17,Soil,Unsieved,19.57,83.85
76131,Apollo17,Soil,<1mm,146.1,98.9
76132,Apollo17,Soil,1-2mm,6.79,100
76133,Apollo17,Soil,2-4mm,5.21,100
76134,Apollo17,Soil,4-10mm,3.1,93.42
76135,Apollo17,Breccia,ImpactMelt,133.5,95.41
76136,Apollo17,Basalt,Ilmenite,86.6,97.97
76137,Apollo17,Breccia,ImpactMelt,2.96,88.13
76210,Apollo17,Soil,Unsieved,2.74,34.67
76215,Apollo17,Breccia,ImpactMelt,643.9,92.51
76220,Apollo17,Soil,Unsieved,196.7,99.64
76221,Apollo17,Soil,<1mm,390.4,99.53
76222,Apollo17,Soil,1-2mm,13.65,98.16
76223,Apollo17,Soil,2-4mm,8.26,100
76224,Apollo17,Soil,4-10mm,3.83,74.13
76230,Apollo17,Soil,Unsieved,6.63,70.98
76235,Apollo17,Crustal,Cataclasite,26.56,60.36
76236,Apollo17,Breccia,ImpactMelt,19.18,100
76237,Apollo17,Breccia,ImpactMelt,10.31,99.28
76238,Apollo17,Breccia,ImpactMelt,8.21,100
76239,Apollo17,Breccia,ImpactMelt,6.23,100
76240,Apollo17,Soil,Unsieved,450.7,97.63
76241,Apollo17,Soil,<1mm,21.14,53.66
76242,Apollo17,Soil,1-2mm,1.2,90.83
76243,Apollo17,Soil,2-4mm,1.23,100
76244,Apollo17,Soil,4-10mm,1.53,96.73
76245,Apollo17,Breccia,ImpactMelt,8.24,100
76246,Apollo17,Breccia,ImpactMelt,6.5,100
76250,Apollo17,Soil,Unsieved,4.63,63.72
76255,Apollo17,Breccia,ImpactMelt,406.6,88.95
76260,Apollo17,Soil,Unsieved,96.6,93.67
76261,Apollo17,Soil,<1mm,170.7,83.73
76262,Apollo17,Soil,1-2mm,8.55,100
76263,Apollo17,Soil,2-4mm,6.57,100
76264,Apollo17,Soil,4-10mm,8.76,91.27
76265,Apollo17,Breccia,ImpactMelt,1.75,100
76270,Apollo17,Soil,Unsieved,0.46,67.39
76275,Apollo17,Breccia,ImpactMelt,55.93,92.75
76280,Apollo17,Soil,Unsieved,153,98.66
76281,Apollo17,Soil,<1mm,251.8,96.2
76282,Apollo17,Soil,1-2mm,14.27,94.74
76283,Apollo17,Soil,2-4mm,12.71,56.71
76284,Apollo17,Soil,4-10mm,10.69,99.44
76285,Apollo17,Breccia,ImpactMelt,2.21,100
76286,Apollo17,Breccia,ImpactMelt,1.7,83.33
76290,Apollo17,Soil,Unsieved,9.65,80.93
76295,Apollo17,Breccia,ImpactMelt,260.7,91.59
76305,Apollo17,Breccia,ImpactMelt,4.01,100
76306,Apollo17,Breccia,ImpactMelt,4.25,100
76307,Apollo17,Breccia,ImpactMelt,2.49,0
76310,Apollo17,Soil,Unsieved,25.39,85.19
76315,Apollo17,Breccia,ImpactMelt,671.1,91.21
76320,Apollo17,Soil,Unsieved,260.3,99.96
76321,Apollo17,Soil,<1mm,502.7,94.07
76322,Apollo17,Soil,1-2mm,23.1,96.71
76323,Apollo17,Soil,2-4mm,15.84,96.78
76324,Apollo17,Soil,4-10mm,11.8,95.41
76330,Apollo17,Soil,Unsieved,306.1,97.85
76335,Apollo17,Crustal,Cataclasite,502.89,97.14
76500,Apollo17,Soil,Unsieved,345.2,99.68
76501,Apollo17,Soil,<1mm,630.7,87.25
76502,Apollo17,Soil,1-2mm,22.76,90.64
76503,Apollo17,Soil,2-4mm,10.09,29.73
76504,Apollo17,Soil,4-10mm,10.72,81.07
76505,Apollo17,Breccia,ImpactMelt,4.69,93.18
76506,Apollo17,Breccia,Regolith,2.81,89.32
76530,Apollo17,Soil,Unsieved,70.27,92.13
76535,Apollo17,Crustal,Troctolite,155.5,47.89
76536,Apollo17,Crustal,Cataclasite,10.26,93.16
76537,Apollo17,Basalt,Ilmenite,26.48,97.13
76538,Apollo17,Basalt,Ilmenite,5.87,92.16
76539,Apollo17,Basalt,Ilmenite,14.8,93.7
76545,Apollo17,Breccia,Regolith,51.21,98.57
76546,Apollo17,Breccia,Regolith,0,0
76547,Apollo17,Breccia,Regolith,0,0
76548,Apollo17,Breccia,Regolith,2.53,87.85
76549,Apollo17,Breccia,Regolith,0,0
76555,Apollo17,Breccia,ImpactMelt,8.44,96.38
76556,Apollo17,Breccia,ImpactMelt,7.4,95.94
76557,Apollo17,Breccia,ImpactMelt,5.59,94.81
76558,Apollo17,Breccia,ImpactMelt,0.68,100
76559,Apollo17,Breccia,ImpactMelt,0.75,86.61
76565,Apollo17,Breccia,Regolith,11.6,87.01
76566,Apollo17,Breccia,Regolith,2.64,100
76567,Apollo17,Breccia,Regolith,5.49,96.54
76568,Apollo17,Basalt,Ilmenite,9.48,92.27
76569,Apollo17,Breccia,ImpactMelt,4.21,93.65
76575,Apollo17,Breccia,ImpactMelt,16.25,89.16
76576,Apollo17,Breccia,ImpactMelt,5.33,92.74
76577,Apollo17,Breccia,ImpactMelt,13.54,98.15
77010,Apollo17,Soil,Unsieved,93.65,86.97
77017,Apollo17,Crustal,Cataclasite,1730,93.14
77035,Apollo17,Breccia,ImpactMelt,5727,92.03
77070,Apollo17,Soil,Unsieved,9.28,97.41
77075,Apollo17,Breccia,ImpactMelt,172.4,89.28
77076,Apollo17,Breccia,ImpactMelt,13.97,100
77077,Apollo17,Crustal,Cataclasite,0,90.64
77110,Apollo17,Soil,Unsieved,0.15,0
77115,Apollo17,Breccia,ImpactMelt,115.9,78.2
77130,Apollo17,Soil,Unsieved,1.42,68.31
77135,Apollo17,Breccia,ImpactMelt,337.4,82.44
77210,Apollo17,Soil,Unsieved,111.7,95.43
77215,Apollo17,Crustal,Cataclasite,846.4,93.03
77510,Apollo17,Soil,Unsieved,77.57,85.73
77511,Apollo17,Soil,<1mm,118.1,99.29
77512,Apollo17,Soil,1-2mm,2.45,89.8
77513,Apollo17,Soil,2-4mm,1.19,100
77514,Apollo17,Soil,4-10mm,1.24,79.03
77515,Apollo17,Breccia,ImpactMelt,337.6,99.19
77516,Apollo17,Basalt,Ilmenite,103.7,88.85
77517,Apollo17,Breccia,Fragmental,45.6,94.91
77518,Apollo17,Breccia,ImpactMelt,42.5,98.54
77519,Apollo17,Breccia,ImpactMelt,27.4,100
77525,Apollo17,Breccia,ImpactMelt,1.19,100
77526,Apollo17,Breccia,ImpactMelt,1.07,100
77530,Apollo17,Soil,Unsieved,82.76,89.29
77531,Apollo17,Soil,<1mm,126.6,97.72
77532,Apollo17,Soil,1-2mm,3.13,100
77533,Apollo17,Soil,2-4mm,2.51,100
77534,Apollo17,Soil,4-10mm,4.46,97.31
77535,Apollo17,Basalt,Ilmenite,577.8,99.2
77536,Apollo17,Basalt,Ilmenite,355.3,99.43
77537,Apollo17,Breccia,ImpactMelt,71.7,100
77538,Apollo17,Breccia,Fragmental,0,89.85
77539,Apollo17,Breccia,ImpactMelt,0,87.35
77545,Apollo17,Breccia,ImpactMelt,0,97.32
78120,Apollo17,Soil,Unsieved,75.78,98.89
78121,Apollo17,Soil,<1mm,121.6,94.95
78122,Apollo17,Soil,1-2mm,4.43,88.71
78123,Apollo17,Soil,2-4mm,2.49,100
78124,Apollo17,Soil,4-10mm,5.64,69.34
78130,Apollo17,Soil,Unsieved,3.62,51.1
78135,Apollo17,Basalt,Ilmenite,133.9,95.84
78150,Apollo17,Soil,Unsieved,0.65,0
78155,Apollo17,Crustal,Cataclasite,0,87.66
78220,Apollo17,Soil,Unsieved,108.3,99.54
78221,Apollo17,Soil,<1mm,227.1,92.67
78222,Apollo17,Soil,1-2mm,5.21,82.34
78223,Apollo17,Soil,2-4mm,2.69,81.45
78224,Apollo17,Soil,4-10mm,1.48,89.19
78230,Apollo17,Soil,Unsieved,82.98,84.25
78231,Apollo17,Soil,<1mm,122.7,99.5
78232,Apollo17,Soil,1-2mm,2.68,100
78233,Apollo17,Soil,2-4mm,1.42,90.92
78234,Apollo17,Soil,4-10mm,0.72,75.14
78235,Apollo17,Crustal,Norite,199,69.76
78236,Apollo17,Crustal,Norite,0,87.73
78237,Apollo17,Crustal,Norite,0,0
78238,Apollo17,Crustal,Norite,0,86.03
78250,Apollo17,Soil,Unsieved,50.57,97.1
78255,Apollo17,Breccia,ImpactMelt,0,97.81
78256,Apollo17,Crustal,Pristine,0,0
78420,Apollo17,Soil,Unsieved,97.94,96.49
78421,Apollo17,Soil,<1mm,186.2,57.35
78422,Apollo17,Soil,1-2mm,4.16,87.98
78423,Apollo17,Soil,2-4mm,2.41,80.75
78424,Apollo17,Soil,4-10mm,1.91,89.01
78440,Apollo17,Soil,Unsieved,81.38,99.78
78441,Apollo17,Soil,<1mm,162.8,90.34
78442,Apollo17,Soil,1-2mm,3.78,85.19
78443,Apollo17,Soil,2-4mm,2.44,76.93
78444,Apollo17,Soil,4-10mm,1.19,87.39
78460,Apollo17,Soil,Unsieved,138.1,99.93
78461,Apollo17,Soil,<1mm,264.5,91.7
78462,Apollo17,Soil,1-2mm,5.33,90.43
78463,Apollo17,Soil,2-4mm,2.79,75.96
78464,Apollo17,Soil,4-10mm,1.3,99
78465,Apollo17,Breccia,Regolith,0,100
78480,Apollo17,Soil,Unsieved,89.33,96.16
78481,Apollo17,Soil,<1mm,173.9,62.84
78482,Apollo17,Soil,1-2mm,2.69,90.71
78483,Apollo17,Soil,2-4mm,1.21,83.06
78484,Apollo17,Soil,4-10mm,0.32,100
78500,Apollo17,Soil,Unsieved,391.1,93.12
78501,Apollo17,Soil,<1mm,718.7,85.8
78502,Apollo17,Soil,1-2mm,21.38,81.72
78503,Apollo17,Soil,2-4mm,16.41,57.28
78504,Apollo17,Soil,4-10mm,19.16,87.62
78505,Apollo17,Basalt,Ilmenite,506.3,93.25
78506,Apollo17,Basalt,Ilmenite,0,97.76
78507,Apollo17,Basalt,Ilmenite,0,97.3
78508,Apollo17,Breccia,Regolith,10.67,100
78509,Apollo17,Basalt,Ilmenite,8.68,93.09
78515,Apollo17,Breccia,Regolith,4.76,92.23
78516,Apollo17,Breccia,Regolith,3.18,89.4
78517,Apollo17,Crustal,Cataclasite,1.82,82.97
78518,Apollo17,Breccia,Regolith,0.88,100
78525,Apollo17,Breccia,ImpactMelt,5.11,100
78526,Apollo17,Breccia,ImpactMelt,8.77,63.66
78527,Apollo17,Crustal,Cataclasite,5.16,82.05
78528,Apollo17,Basalt,Ilmenite,7,95.86
78530,Apollo17,Soil,Unsieved,88.92,70.18
78535,Apollo17,Breccia,Regolith,0,98.2
78536,Apollo17,Breccia,Regolith,8.67,100
78537,Apollo17,Breccia,Regolith,11.76,94.9
78538,Apollo17,Breccia,Regolith,5.82,100
78539,Apollo17,Breccia,Regolith,3.73,100
78545,Apollo17,Breccia,Regolith,8.6,100
78546,Apollo17,Breccia,Regolith,0,78.73
78547,Apollo17,Breccia,Regolith,0,96.22
78548,Apollo17,Breccia,Regolith,15.95,91.29
78549,Apollo17,Breccia,Regolith,16.09,95.34
78555,Apollo17,Breccia,Regolith,6.64,86.66
78556,Apollo17,Breccia,Regolith,9.5,100
78557,Apollo17,Breccia,Regolith,7.19,100
78558,Apollo17,Breccia,Regolith,3.78,100
78559,Apollo17,Breccia,Regolith,3.05,100
78565,Apollo17,Breccia,Regolith,3.5,100
78566,Apollo17,Breccia,Regolith,0.77,100
78567,Apollo17,Breccia,Regolith,18.88,95.07
78568,Apollo17,Breccia,Regolith,3.57,92.44
78569,Apollo17,Basalt,Ilmenite,14.53,95.73
78575,Apollo17,Basalt,Ilmenite,140,95.94
78576,Apollo17,Basalt,Ilmenite,11.64,94.33
78577,Apollo17,Basalt,Ilmenite,8.84,93.55
78578,Apollo17,Basalt,Ilmenite,17.13,95.62
78579,Apollo17,Basalt,Ilmenite,6.07,93.08
78585,Apollo17,Basalt,Ilmenite,0,91.89
78586,Apollo17,Basalt,Ilmenite,10.73,82.24
78587,Apollo17,Basalt,Ilmenite,11.48,95.82
78588,Apollo17,Basalt,Ilmenite,3.77,93.37
78589,Apollo17,Basalt,Ilmenite,4.1,94.63
78595,Apollo17,Basalt,Ilmenite,4.19,93.34
78596,Apollo17,Basalt,Ilmenite,7.55,93.11
78597,Apollo17,Basalt,Ilmenite,319.1,99.55
78598,Apollo17,Basalt,Ilmenite,224.1,96.72
78599,Apollo17,Basalt,Ilmenite,198.6,99.56
79001,Apollo17,Core,Unsieved,743.4,78.28
79002,Apollo17,Core,Unsieved,409.4,75.19
79010,Apollo17,Soil,Unsieved,87.05,100
79035,Apollo17,Breccia,Regolith,2806,96.22
79110,Apollo17,Soil,Unsieved,66.3,96.8
79115,Apollo17,Breccia,Regolith,346.3,98.65
79120,Apollo17,Soil,Unsieved,116.4,99.66
79121,Apollo17,Soil,<1mm,214.4,99.21
79122,Apollo17,Soil,1-2mm,13.97,100
79123,Apollo17,Soil,2-4mm,13.14,100
79124,Apollo17,Soil,4-10mm,14.48,96.69
79125,Apollo17,Breccia,Regolith,1.91,89.48
79130,Apollo17,Soil,Unsieved,3.99,0
79135,Apollo17,Breccia,Regolith,2283,93.59
79150,Apollo17,Soil,Unsieved,5.63,82.24
79155,Apollo17,Basalt,Ilmenite,318.8,25.97
79170,Apollo17,Soil,Unsieved,43.42,65.41
79175,Apollo17,Breccia,ImpactMelt,677.7,97.59
79190,Apollo17,Soil,Unsieved,13.38,84.83
79195,Apollo17,Breccia,Fragmental,368.5,97.92
79210,Apollo17,Soil,Unsieved,5.55,62.34
79215,Apollo17,Crustal,Cataclasite,553.8,93.33
79220,Apollo17,Soil,Unsieved,93.49,98.61
79221,Apollo17,Soil,<1mm,152.6,76.13
79222,Apollo17,Soil,1-2mm,7.22,96.54
79223,Apollo17,Soil,2-4mm,6.24,100
79224,Apollo17,Soil,4-10mm,9.75,53.95
79225,Apollo17,Breccia,Regolith,7.42,83.11
79226,Apollo17,Breccia,Regolith,6.73,77.52
79227,Apollo17,Breccia,Regolith,5.57,100
79228,Apollo17,Breccia,Regolith,2.5,100
79240,Apollo17,Soil,Unsieved,113.3,99.29
79241,Apollo17,Soil,<1mm,174.3,93.24
79242,Apollo17,Soil,1-2mm,11.32,97.79
79243,Apollo17,Soil,2-4mm,10.46,100
79244,Apollo17,Soil,4-10mm,10.85,81.75
79245,Apollo17,Breccia,ImpactMelt,10.11,89.97
79260,Apollo17,Soil,Unsieved,118.9,99.62
79261,Apollo17,Soil,<1mm,187.8,86.38
79262,Apollo17,Soil,1-2mm,11.74,97.96
79263,Apollo17,Soil,2-4mm,11.46,100
79264,Apollo17,Soil,4-10mm,15.85,71.04
79265,Apollo17,Basalt,Ilmenite,2.6,72.38
79510,Apollo17,Soil,Unsieved,107.6,98.42
79511,Apollo17,Soil,<1mm,179.2,95.88
79512,Apollo17,Soil,1-2mm,11.32,93.36
79513,Apollo17,Soil,2-4mm,9.94,89.94
79514,Apollo17,Soil,4-10mm,12.24,97.47
79515,Apollo17,Basalt,Ilmenite,33,94.11
79516,Apollo17,Basalt,Ilmenite,23.92,94.08
79517,Apollo17,Breccia,Regolith,10.23,96.94
79518,Apollo17,Breccia,Regolith,5.2,100
79519,Apollo17,Breccia,Regolith,3.65,100
79525,Apollo17,Breccia,Regolith,3.03,92.71
79526,Apollo17,Breccia,Regolith,2.93,100
79527,Apollo17,Breccia,Regolith,2.65,100
79528,Apollo17,Breccia,Regolith,2.38,100
79529,Apollo17,Breccia,Regolith,1.84,100
79535,Apollo17,Breccia,Regolith,1.69,100
79536,Apollo17,Breccia,Regolith,1.66,100
79537,Apollo17,Breccia,Regolith,1.05,100
